City,Area_SqFt,Bedroom,Bathroom,Floors,Parking,Road_Width_Ft,Face,Price,Price_Lakhs
Kathmandu,5476.0,6,3,2.0,8,20.0,West,90000000,900.0
Kathmandu,7187.25,5,3,2.0,8,20.0,East,80000000,800.0
Kathmandu,5818.25,5,3,2.0,8,20.0,East,70000000,700.0
Kathmandu,3508.0625,6,4,3.0,8,20.0,West,130000000,1300.0
Kathmandu,6673.875,6,3,2.0,8,20.0,East,100000000,1000.0
Kathmandu,4385.078125,5,6,3.0,8,13.0,East,100000000,1000.0
Lalitpur,16855.8125,3,4,3.0,1,11.0,South East,11000000,110.0
Kathmandu,3165.8125,5,4,2.0,8,20.0,East,50000000,500.0
Kathmandu,4406.46875,10,8,3.5,5,20.0,North,100000000,1000.0
Kathmandu,1369.0,6,4,2.5,1,12.0,South East,32500000,325.0
Pokhara,4791.5,4,5,3.0,3,15.0,South West,32000000,320.0
Kathmandu,1540.125,5,4,3.0,1,14.0,North West,39900000,399.0
Kathmandu,1711.25,2,2,1.0,1,12.0,South,15000000,150.0
Kathmandu,2738.0,5,5,3.0,3,20.0,South East,52500000,525.0
Kathmandu,1369.0,6,6,3.0,1,13.0,East,26500000,265.0
Kathmandu,1369.0,6,6,3.0,1,13.0,East,25500000,255.0
Kathmandu,2053.5,6,4,2.5,1,20.0,East,33000000,330.0
Kathmandu,2053.5,4,4,2.5,3,13.0,South,18500000,185.0
Kathmandu,3422.5,7,4,2.5,3,4.0,East,62000000,620.0
Kathmandu,1369.0,1,1,2.5,0,10.0,North,10500000,105.0
Bhaktapur,1197.875,7,3,3.0,1,10.0,East,20500000,205.0
Bhaktapur,1197.875,1,1,2.5,0,20.0,East,22000000,220.0
Kathmandu,7187.25,15,10,5.0,7,20.0,East,145000000,1450.0
Kathmandu,6502.75,5,6,3.0,4,20.0,South,55000000,550.0
Kathmandu,1369.0,4,4,2.5,1,13.0,East,24000000,240.0
Kathmandu,2087.725,6,6,3.0,3,32.0,South East,37000000,370.0
Kathmandu,6502.75,6,6,3.0,4,13.0,East,102500000,1025.0
Lalitpur,1540.125,7,4,3.5,2,13.0,South,22000000,220.0
Kathmandu,2224.625,6,6,3.0,2,16.0,East,58500000,585.0
Lalitpur,1026.75,4,3,2.5,1,13.0,East,18500000,185.0
Lalitpur,1197.875,4,3,2.5,1,13.0,East,21000000,210.0
Lalitpur,16599.125,5,3,3.0,1,13.0,South,17500000,175.0
Kathmandu,3422.5,5,6,3.0,3,15.0,East,130000000,1300.0
Kathmandu,7187.25,8,8,4.0,4,15.0,East,105000000,1050.0
Kathmandu,21904.0,5,5,3.0,4,15.0,South,105000000,1050.0
Kathmandu,1369.0,6,5,3.0,1,16.0,East,27500000,275.0
Kathmandu,2395.75,7,7,4.0,2,15.0,East,40000000,400.0
Kathmandu,1711.25,6,6,3.0,2,14.0,West,26500000,265.0
Kathmandu,1060.9750000000001,6,6,3.0,1,18.0,North East,22500000,225.0
Kathmandu,3764.75,6,6,3.0,4,15.0,South East,60000000,600.0
Kathmandu,10267.5,6,5,3.0,8,15.0,East,250000000,2500.0
Kathmandu,3080.25,9,6,4.0,3,13.0,East,40000000,400.0
Kathmandu,1197.875,6,5,3.0,1,15.0,East,30000000,300.0
Kathmandu,4107.0,6,6,3.0,4,14.0,East,65000000,650.0
Kathmandu,1711.25,5,6,3.0,2,13.0,North,33000000,330.0
Kathmandu,1369.0,5,5,2.0,1,13.0,West,30500000,305.0
Kathmandu,1060.9750000000001,2,2,1.0,1,13.0,South West,14000000,140.0
Kathmandu,1369.0,6,6,3.0,1,13.0,South East,28000000,280.0
Kathmandu,1369.0,10,5,4.0,3,26.0,South East,41000000,410.0
Kathmandu,1540.125,6,6,3.0,2,14.0,East,27000000,270.0
Kathmandu,1060.9750000000001,5,5,3.0,1,13.0,East,22000000,220.0
Kathmandu,2738.0,5,5,3.0,3,15.0,South East,37000000,370.0
Kathmandu,2310.1875,4,3,2.5,1,13.0,South West,46000000,460.0
Kathmandu,1369.0,5,3,3.0,1,13.0,East,22500000,225.0
Bhaktapur,1540.125,3,3,2.0,2,20.0,North,29000000,290.0
Kathmandu,1026.75,3,4,3.0,1,19.68504,East,31000000,310.0
Kathmandu,1818.203125,1,1,2.5,0,29.0,West,42500000,425.0
Kathmandu,1711.25,5,5,3.0,2,4.0,South East,37500000,375.0
Kathmandu,1060.9750000000001,2,1,1.0,1,4.0,West,13000000,130.0
Kathmandu,21904.0,4,3,2.5,4,20.0,South,105000000,1050.0
Kathmandu,3401.109375,4,5,2.5,4,13.0,West,80000000,800.0
Lalitpur,1540.125,3,4,2.0,2,13.0,East,25000000,250.0
Bhaktapur,2395.75,4,4,2.0,4,20.0,South,32500000,325.0
Kathmandu,1197.875,5,3,3.0,1,12.0,South West,21000000,210.0
Chitwan,983.96875,3,4,2.0,1,19.68504,West,16000000,160.0
Kathmandu,10609.75,1,1,2.5,0,20.0,West,120000000,1200.0
Chitwan,2053.5,4,2,2.0,1,16.0,East,7700000,77.0
Kathmandu,1475.953125,7,3,2.5,2,10.0,West,20000000,200.0
Bhaktapur,1026.75,7,4,3.5,1,20.0,West,19000000,190.0
Kathmandu,1369.0,1,4,3.0,2,18.0,South East,33500000,335.0
Kathmandu,1754.03125,1,1,2.5,0,13.0,North East,37000000,370.0
Kathmandu,2566.875,1,1,2.5,0,20.0,East,36000000,360.0
Kathmandu,2994.6875,8,4,3.0,5,12.0,South,40000000,400.0
Lalitpur,1026.75,2,1,1.0,1,20.0,West,12500000,125.0
Lalitpur,1112.3125,5,3,2.5,1,20.0,East,19500000,195.0
Lalitpur,1197.875,5,3,2.5,1,20.0,West,22000000,220.0
Lalitpur,1369.0,4,3,2.5,1,20.0,East,21500000,215.0
Lalitpur,1197.875,4,3,2.5,1,20.0,North East,19500000,195.0
Lalitpur,1026.75,4,3,2.5,1,13.0,South,19000000,190.0
Lalitpur,1026.75,4,3,2.5,1,13.0,South,18000000,180.0
Kathmandu,1860.984375,8,5,3.0,2,12.0,South,37000000,370.0
Kathmandu,1369.0,6,3,3.0,1,12.0,South,34000000,340.0
Kathmandu,1411.78125,8,4,3.0,1,16.0,South,26000000,260.0
Kathmandu,2224.625,5,3,2.5,1,10.0,South West,22000000,220.0
Kathmandu,1369.0,7,3,2.5,1,10.0,North East,23000000,230.0
Kathmandu,1240.65625,5,2,2.5,1,13.0,North West,15500000,155.0
Lalitpur,1129.425,6,4,3.0,1,10.0,North,23500000,235.0
Kathmandu,2139.0625,1,1,2.5,0,12.0,North East,57500000,575.0
Kathmandu,3422.5,5,5,2.5,3,20.0,South East,90000000,900.0
Kathmandu,1369.0,4,3,2.5,1,10.0,North West,17000000,170.0
Lalitpur,1112.3125,2,1,1.5,1,13.0,South,12500000,125.0
Bhaktapur,1882.375,1,1,2.5,0,20.0,North East,2100000,21.0
Kathmandu,3764.75,4,4,3.0,4,22.0,South West,45000000,450.0
Lalitpur,1026.75,2,1,1.5,1,13.0,South,12500000,125.0
Lalitpur,1197.875,4,3,2.5,2,13.0,North West,19000000,190.0
Kathmandu,3422.5,1,1,2.5,0,20.0,South West,32000000,320.0
Kathmandu,1369.0,2,1,1.5,2,20.0,South West,15500000,155.0
Kathmandu,4107.0,1,1,2.5,0,16.0,West,3000000,30.0
Kathmandu,6160.5,1,1,2.5,0,40.0,East,6500000,65.0
Kathmandu,1711.25,1,1,2.5,0,13.0,South,2350000,23.5
Kathmandu,1369.0,1,1,2.5,0,13.0,East,4100000,41.0
Kathmandu,2087.725,1,1,2.5,0,12.0,South,3500000,35.0
Kathmandu,6160.5,1,1,2.5,0,20.0,West,2800000,28.0
Kathmandu,6160.5,1,1,2.5,0,30.0,East,3500000,35.0
Kathmandu,1882.375,1,1,2.5,0,13.0,South,8500000,85.0
Kathmandu,1369.0,1,1,2.5,0,10.0,South,2850000,28.5
Kathmandu,14032.25,1,1,2.5,0,15.0,East,2600000,26.0
Kathmandu,5476.0,1,1,2.5,0,30.0,East,3800000,38.0
Kathmandu,3422.5,1,1,2.5,0,30.0,South,3500000,35.0
Kathmandu,2772.225,1,1,2.5,0,32.0,East,3500000,35.0
Kathmandu,2738.0,1,1,2.5,0,15.0,South,4200000,42.0
Bhaktapur,2053.5,1,1,2.5,0,4.0,South,2100000,21.0
Lalitpur,1540.125,1,1,2.5,0,22.96588,South West,3500000,35.0
Kathmandu,9925.25,1,1,2.5,0,16.0,East,8500000,85.0
Kathmandu,1711.25,1,1,2.5,0,16.0,North East,2450000,24.5
Kathmandu,5476.0,1,1,2.5,0,14.0,East,5700000,57.0
Kathmandu,4107.0,1,1,2.5,0,25.0,East,7000000,70.0
Kathmandu,3080.25,1,1,2.5,0,15.0,South,2500000,25.0
Kathmandu,21904.0,1,1,2.5,0,15.0,North East,4000000,40.0
Kathmandu,1369.0,1,1,2.5,0,15.0,East,5700000,57.0
Kathmandu,1711.25,1,1,2.5,0,13.0,South West,3000000,30.0
Kathmandu,4107.0,1,1,2.5,0,4.0,South,5500000,55.0
Kathmandu,2395.75,1,1,2.5,0,29.52756,East,7000000,70.0
Lalitpur,1400.0,1,1,2.5,0,20.0,North East,35000000,350.0
Kathmandu,1711.25,1,1,2.5,0,4.0,North,3000000,30.0
Chitwan,1026.75,1,1,2.5,0,30.0,East,180000000,1800.0
Kathmandu,1583.0,3,3,2.5,1,20.0,South,23000000,230.0
Kathmandu,3336.9375,1,1,2.5,0,32.0,North,11000000,110.0
Kathmandu,3422.5,1,1,2.5,0,40.0,South,11000000,110.0
Lalitpur,1369.0,1,1,2.5,0,19.68504,East,3500000,35.0
Lalitpur,1200.0,3,2,5.0,1,40.0,East,16500000,165.0
Kathmandu,8898.5,1,1,2.5,0,35.0,East,10000000,100.0
Kathmandu,5476.0,1,1,2.5,0,14.0,East,3500000,35.0
Kathmandu,1369.0,1,1,2.5,0,16.0,South East,2400000,24.0
Bhaktapur,3914.484375,1,1,2.5,0,13.0,East,2200000,22.0
Lalitpur,2652.4375,1,1,2.5,0,13.0,East,3000000,30.0
Kathmandu,342.25,1,1,2.5,0,16.0,South West,3500000,35.0
Kathmandu,855.625,1,1,2.5,0,26.0,South East,7000000,70.0
Kathmandu,3935.875,1,1,2.5,0,14.0,South West,2500000,25.0
Kathmandu,2738.0,1,1,2.5,0,32.0,North,6000000,60.0
Kathmandu,1026.75,1,3,2.0,1,16.0,East,24500000,245.0
Kathmandu,5818.25,1,1,2.5,0,13.0,West,2850000,28.5
Kathmandu,3935.875,1,1,2.5,0,14.0,South East,2500000,25.0
Kathmandu,10952.0,1,1,2.5,0,14.0,North,2600000,26.0
Kathmandu,1026.75,5,3,3.0,1,14.0,West,17000000,170.0
Kathmandu,1796.8125,1,1,2.5,0,12.0,South East,2850000,28.5
Kathmandu,16428.0,1,1,2.5,0,20.0,South East,4000000,40.0
Kathmandu,4663.15625,1,1,2.5,1,20.0,East,15000000,150.0
Kathmandu,6160.5,1,1,2.5,0,36.0,South East,5500000,55.0
Kathmandu,4449.25,1,1,2.5,0,36.08924,East,4200000,42.0
Lalitpur,1500.0,1,1,2.5,0,4.0,East,3500000,35.0
Lalitpur,683.0,2,1,2.5,0,30.0,North,11900000,119.0
Kathmandu,1882.375,6,6,2.5,1,20.0,South East,28500000,285.0
Lalitpur,1197.875,1,1,2.5,1,13.0,South West,21500000,215.0
Kathmandu,1369.0,1,1,2.5,0,13.0,East,3000000,30.0
Lalitpur,1711.25,3,1,2.0,1,16.0,West,12500000,125.0
Kathmandu,1540.125,11,1,2.5,1,20.0,East,32500000,325.0
Lalitpur,1369.0,5,3,2.5,1,10.0,North West,22000000,220.0
Other,1369.0,3,4,2.5,1,15.0,East,11000000,110.0
Kathmandu,1060.9750000000001,1,2,3.0,1,20.0,South,17000000,170.0
Bhaktapur,1454.5625,1,1,2.5,0,13.0,West,3000000,30.0
Lalitpur,941.1875,2,1,1.5,2,13.0,West,11000000,110.0
Kathmandu,2738.0,1,1,2.5,0,45.0,East,15000000,150.0
Lalitpur,1026.75,4,2,1.5,1,13.0,North East,13000000,130.0
Kathmandu,1818.203125,15,1,5.0,0,29.0,East,42500000,425.0
Kathmandu,2481.3125,1,1,2.5,0,4.0,East,10500000,105.0
Chitwan,1369.0,4,2,3.0,1,13.0,South,10500000,105.0
Kathmandu,1711.25,6,5,3.0,2,14.0,North,30000000,300.0
Lalitpur,1471.675,4,4,3.0,1,12.0,South,31500000,315.0
Lalitpur,1090.921875,3,3,3.0,1,18.0,South East,18000000,180.0
Chitwan,1026.75,1,1,1.0,0,20.0,East,50000000,500.0
Kathmandu,2738.0,4,5,3.0,1,20.0,South West,57500000,575.0
Kathmandu,684.5,1,3,3.0,1,25.0,East,30000000,300.0
Kathmandu,1369.0,1,1,2.5,0,18.0,East,15500000,155.0
Kathmandu,3251.375,1,1,2.5,0,20.0,East,7500000,75.0
Kathmandu,3251.375,1,1,2.0,3,15.0,East,60000000,600.0
Kathmandu,1711.25,1,1,2.5,0,12.0,North East,2700000,27.0
Kathmandu,1240.65625,7,3,2.5,2,12.0,West,35000000,350.0
Kathmandu,3080.25,1,1,2.5,0,16.0,East,3600000,36.0
Kathmandu,855.625,6,4,4.0,2,20.0,East,25000000,250.0
Kathmandu,1197.875,1,1,2.0,0,13.0,North,15500000,155.0
Kathmandu,4449.25,1,1,2.5,0,40.0,East,9500000,95.0
Kathmandu,3080.25,1,1,5.0,0,12.0,East,75000000,750.0
Kathmandu,4449.25,1,1,2.5,0,25.0,East,3500000,35.0
Kathmandu,13690.0,1,1,2.5,0,15.0,East,7500000,75.0
Kathmandu,3422.5,1,1,3.0,0,16.0,East,75000000,750.0
Kathmandu,2738.0,1,1,2.5,0,16.0,East,4500000,45.0
Kathmandu,3080.25,1,1,2.5,0,16.0,East,3700000,37.0
Kathmandu,2053.5,1,1,4.0,3,18.0,East,39500000,395.0
Kathmandu,3422.5,1,1,2.5,0,16.0,East,5000000,50.0
Kathmandu,1369.0,5,6,3.0,2,20.0,South,37000000,370.0
Lalitpur,1369.0,1,1,4.0,1,10.0,East,25600000,256.0
Kathmandu,2139.0625,5,4,2.0,2,20.0,East,36500000,365.0
Kathmandu,6502.75,5,1,2.0,0,20.0,East,102500000,1025.0
Kathmandu,1112.3125,5,3,3.0,1,14.0,East,22500000,225.0
Kathmandu,1026.75,5,3,3.0,2,15.0,East,23500000,235.0
Kathmandu,1090.921875,4,3,3.0,1,15.0,East,22500000,225.0
Kathmandu,1369.0,5,4,3.0,1,15.0,East,32500000,325.0
Kathmandu,4107.0,5,1,3.0,4,15.0,East,42500000,425.0
Kathmandu,1369.0,10,3,2.0,0,4.0,East,11000000,110.0
Kathmandu,1711.25,5,3,2.0,1,12.0,East,42500000,425.0
Kathmandu,2053.5,5,4,2.0,2,18.0,East,35000000,350.0
Kathmandu,1711.25,1,1,2.5,0,20.0,East,2200000,22.0
Kathmandu,1711.25,1,1,2.5,0,16.0,East,2400000,24.0
Kathmandu,1711.25,1,1,2.5,0,12.0,South East,2400000,24.0
Kathmandu,1026.75,1,1,1.0,0,13.0,East,6000000,60.0
Kathmandu,4449.25,1,1,2.5,0,13.0,West,2700000,27.0
Kathmandu,2053.5,1,1,2.5,0,20.0,East,2300000,23.0
Kathmandu,1369.0,5,5,3.0,1,20.0,South,37000000,370.0
Kathmandu,2053.5,6,6,3.0,3,20.0,East,45000000,450.0
Lalitpur,3764.75,2,1,1.0,2,4.0,East,39000000,390.0
Kathmandu,1283.4375,5,3,3.0,1,12.0,East,17000000,170.0
Kathmandu,1026.75,6,3,2.5,1,10.0,South East,16500000,165.0
Kathmandu,1283.4375,4,4,2.5,1,13.0,East,20500000,205.0
Lalitpur,1625.6875,7,6,3.0,3,13.0,North East,25000000,250.0
Bhaktapur,1026.75,1,1,2.0,0,16.0,East,12500000,125.0
Lalitpur,1369.0,4,5,1.0,1,20.0,South West,21000000,210.0
Bhaktapur,4278.125,1,1,2.5,0,60.0,East,3500000,35.0
Lalitpur,19936.0625,1,1,2.5,0,60.0,East,2000000,20.0
Kathmandu,1369.0,1,1,2.5,0,12.0,West,2500000,25.0
Kathmandu,11465.375,1,1,2.5,0,60.0,East,6000000,60.0
Kathmandu,1625.6875,6,3,3.0,2,13.0,South,18000000,180.0
Lalitpur,1882.375,4,4,2.5,1,20.0,East,35200000,352.0
Lalitpur,2053.5,4,4,2.5,1,20.0,West,37100000,371.0
Kathmandu,1711.25,4,5,3.0,4,14.0,East,55000000,550.0
Lalitpur,1796.8125,4,4,2.5,1,20.0,West,34500000,345.0
Kathmandu,2053.5,5,6,3.0,3,13.0,North East,45000000,450.0
Kathmandu,1060.9750000000001,6,5,3.0,1,14.0,East,22500000,225.0
Kathmandu,1026.75,6,5,3.0,1,13.0,East,23500000,235.0
Kathmandu,6502.75,6,6,3.0,4,13.0,East,102500000,1025.0
Lalitpur,1454.5625,4,4,2.0,1,40.0,North East,28200000,282.0
Kathmandu,1026.75,2,1,1.0,2,10.0,East,13000000,130.0
Kathmandu,1369.0,5,5,3.0,1,13.0,East,32500000,325.0
Kathmandu,1711.25,11,9,3.0,1,13.0,North,26000000,260.0
Kathmandu,1711.25,7,8,4.0,1,13.0,South East,24000000,240.0
Lalitpur,855.625,3,4,2.5,1,12.0,West,17700000,177.0
Kathmandu,4278.125,1,1,1.0,2,10.0,East,2200000,22.0
Kathmandu,1026.75,5,5,3.0,1,14.0,North East,16800000,168.0
Kathmandu,1882.375,6,6,3.0,2,30.0,North East,34000000,340.0
Kathmandu,1026.75,5,5,3.0,1,14.0,South East,22500000,225.0
Kathmandu,4107.0,5,6,3.0,4,14.0,South East,42500000,425.0
Kathmandu,1711.25,7,3,2.5,1,10.0,North,41000000,410.0
Kathmandu,2806.45,3,3,2.5,2,4.0,West,15000000,150.0
Lalitpur,2481.3125,8,6,4.0,1,12.0,North West,37500000,375.0
Kathmandu,1026.75,5,3,2.5,1,13.0,East,16000000,160.0
Kathmandu,1095.2,4,4,3.0,2,4.0,West,15000000,150.0
Lalitpur,1369.0,6,4,2.5,3,20.0,West,21500000,215.0
Kathmandu,1026.75,1,1,3.0,0,4.0,North East,23500000,235.0
Kathmandu,2053.5,5,5,2.5,1,13.0,South,60000000,600.0
Kathmandu,2310.1875,1,1,2.5,1,13.0,North,4200000,42.0
Kathmandu,3080.25,1,1,2.5,1,13.0,South,4200000,42.0
Kathmandu,1860.984375,1,1,2.5,0,20.0,South,4500000,45.0
Kathmandu,3080.25,1,1,2.5,0,13.0,South,4200000,42.0
Kathmandu,1219.265625,1,1,2.5,1,26.0,North,6000000,60.0
Kathmandu,5476.0,1,1,2.5,0,36.08924,East,8000000,80.0
Lalitpur,650.0,1,1,2.5,0,60.0,South,2300000,23.0
Kathmandu,8898.5,1,1,2.5,0,20.0,West,4200000,42.0
Lalitpur,1026.75,4,4,2.5,1,4.0,East,30000000,300.0
Kathmandu,7187.25,6,6,3.0,6,15.0,East,81000000,810.0
Kathmandu,4107.0,5,5,2.0,6,22.0,North,55000000,550.0
Kathmandu,1026.75,6,2,3.0,1,23.0,West,13000000,130.0
Kathmandu,1026.75,4,3,2.5,1,4.0,East,30000000,300.0
Kathmandu,1112.3125,5,4,3.0,1,15.0,North,17500000,175.0
Kathmandu,4107.0,6,5,2.0,1,12.0,East,65000000,650.0
Kathmandu,1026.75,3,1,2.5,1,13.0,South,9500000,95.0
Kathmandu,2181.84375,6,3,3.0,1,10.0,East,9000000,90.0
Kathmandu,4791.5,1,1,2.5,0,20.0,East,2900000,29.0
Kathmandu,3080.25,15,10,4.0,2,8.0,South,80000000,800.0
Lalitpur,1026.75,3,3,2.5,1,4.0,East,20000000,200.0
Kathmandu,5476.0,1,1,2.5,0,18.0,South East,4100000,41.0
Kathmandu,1369.0,7,3,3.0,1,10.0,South,31000000,310.0
Lalitpur,1026.75,5,3,3.0,1,20.0,North East,19500000,195.0
Kathmandu,21904.0,1,1,2.5,0,20.0,East,3500000,35.0
Kathmandu,2738.0,5,4,2.0,1,20.0,East,65000000,650.0
Kathmandu,6845.0,6,6,2.0,4,18.0,East,150000000,1500.0
Kathmandu,3422.5,1,1,2.5,0,16.0,East,3500000,35.0
Kathmandu,2738.0,1,1,2.5,0,15.0,South,3500000,35.0
Kathmandu,2053.5,6,6,3.0,2,16.0,East,37000000,370.0
Kathmandu,1026.75,4,3,2.0,1,15.0,East,19000000,190.0
Kathmandu,4107.0,6,5,3.0,3,16.0,East,105000000,1050.0
Kathmandu,3422.5,1,1,2.5,0,25.0,East,4500000,45.0
Kathmandu,2053.5,1,1,2.5,0,16.0,East,3400000,34.0
Kathmandu,2738.0,5,6,3.0,3,22.0,South East,65000000,650.0
Lalitpur,1112.3125,5,3,2.5,1,20.0,West,19500000,195.0
Kathmandu,1369.0,8,5,3.0,1,14.0,West,24000000,240.0
Chitwan,5989.375,1,1,2.5,0,20.0,East,2000000,20.0
Bhaktapur,1625.6875,3,4,2.5,3,30.0,East,35000000,350.0
Lalitpur,1369.0,5,2,4.0,1,15.0,East,20000000,200.0
Lalitpur,1369.0,6,4,3.0,1,13.0,West,23500000,235.0
Kathmandu,1347.609375,4,4,2.0,1,18.0,South,24000000,240.0
Lalitpur,3208.59375,4,4,3.0,2,60.0,South,40000000,400.0
Kathmandu,4113.845,1,1,2.5,0,21.0,South,3000000,30.0
Bhaktapur,1754.03125,4,3,3.0,2,28.0,South,39999999,399.99999
Kathmandu,10222.5796875,1,1,2.5,0,14.0,West,2000000,20.0
Kathmandu,2652.4375,7,3,3.0,1,13.0,West,43500000,435.0
Other,6160.5,1,1,2.5,0,12.0,East,2000000,20.0
Kathmandu,3422.5,1,1,2.5,0,15.0,North East,3500000,35.0
Lalitpur,2738.0,1,1,2.5,0,14.0,South East,2700000,27.0
Kathmandu,855.625,4,3,2.0,1,16.0,East,22500000,225.0
Kathmandu,2053.5,1,4,3.0,2,20.0,East,45000000,450.0
Kathmandu,4449.25,5,6,3.0,4,20.0,East,85000000,850.0
Kathmandu,7187.25,6,6,3.0,5,20.0,East,160000000,1600.0
Kathmandu,10952.0,1,1,2.5,0,15.0,East,7500000,75.0
Kathmandu,3764.75,12,8,4.0,4,13.0,East,61000000,610.0
Kathmandu,2053.5,6,6,3.0,2,15.0,East,45000000,450.0
Kathmandu,1540.125,5,5,3.0,2,14.0,East,49500000,495.0
Kathmandu,1197.875,6,6,3.0,1,15.0,North East,24000000,240.0
Kathmandu,2738.0,6,6,3.0,4,20.0,South West,45000000,450.0
Kathmandu,3422.5,7,7,3.0,4,15.0,South,60000000,600.0
Kathmandu,855.625,5,5,3.0,1,14.0,East,22500000,225.0
Kathmandu,4107.0,5,5,3.0,0,22.0,South,69000000,690.0
Kathmandu,2738.0,1,1,2.5,0,30.0,East,68000000,680.0
Kathmandu,6160.5,1,1,2.5,0,16.0,East,3700000,37.0
Kathmandu,5818.25,5,6,3.0,4,14.0,South West,62000000,620.0
Kathmandu,6160.5,1,1,2.5,0,15.0,East,3700000,37.0
Kathmandu,4107.0,7,7,3.0,4,20.0,South East,69000000,690.0
Kathmandu,2053.5,6,7,3.0,2,15.0,East,45000000,450.0
Kathmandu,4107.0,6,5,2.0,0,16.0,East,65000000,650.0
Kathmandu,2053.5,8,7,4.0,4,20.0,South East,42000000,420.0
Lalitpur,1197.875,2,1,1.35,1,10.0,North East,13000000,130.0
Lalitpur,1090.921875,2,1,1.5,1,10.0,North,12700000,127.0
Lalitpur,855.625,2,1,1.5,1,16.0,West,11000000,110.0
Chitwan,8898.5,1,1,2.5,0,60.0,South,3050000,30.5
Lalitpur,1026.75,2,1,1.5,1,13.0,West,12000000,120.0
Lalitpur,1304.828125,2,1,1.5,1,13.0,East,12500000,125.0
Kathmandu,1197.875,8,4,3.0,1,10.0,North,19000000,190.0
Lalitpur,983.96875,2,1,1.5,1,13.0,South,11500000,115.0
Lalitpur,1411.78125,2,1,1.5,1,16.0,North East,15000000,150.0
Lalitpur,1026.75,2,1,1.5,1,13.0,East,11000000,110.0
Other,1369.0,4,4,2.0,4,14.0,East,20000000,200.0
Kathmandu,684.5,1,1,2.5,0,15.0,East,7500000,75.0
Kathmandu,1369.0,1,1,2.5,0,16.0,East,4500000,45.0
Kathmandu,1369.0,1,1,2.5,0,13.0,East,4600000,46.0
Kathmandu,1369.0,5,5,3.0,1,13.0,West,23000000,230.0
Kathmandu,1882.375,7,4,4.0,4,14.0,East,60000000,600.0
Kathmandu,1882.375,5,6,4.0,4,13.0,East,60000000,600.0
Kathmandu,1369.0,7,4,3.0,1,14.0,East,25500000,255.0
Kathmandu,2395.75,5,4,2.0,2,14.0,South East,55000000,550.0
Lalitpur,1112.3125,4,5,2.5,1,4.0,South West,22200000,222.0
Kathmandu,1129.425,5,3,2.0,1,13.0,East,24000000,240.0
Kathmandu,2395.75,5,6,3.0,2,14.0,South,55000000,550.0
Kathmandu,1283.4375,7,6,4.0,1,14.0,South West,25500000,255.0
Kathmandu,1711.25,1,1,2.5,0,15.0,East,2700000,27.0
Kathmandu,1369.0,6,3,2.0,1,15.0,East,27500000,275.0
Kathmandu,1026.75,1,1,2.5,0,20.0,East,2650000,26.5
Kathmandu,3422.5,5,4,2.0,2,16.0,East,63000000,630.0
Kathmandu,3422.5,1,1,2.5,0,14.0,West,3500000,35.0
Kathmandu,5818.25,5,5,2.0,0,20.0,East,60000000,600.0
Kathmandu,2053.5,6,4,3.0,2,30.0,East,34500000,345.0
Kathmandu,1779.7,3,3,2.0,2,15.0,East,39500000,395.0
Kathmandu,3080.25,1,3,2.0,3,16.0,East,38000000,380.0
Lalitpur,1796.8125,4,1,1.5,0,4.0,North East,12000000,120.0
Lalitpur,342.25,1,2,3.0,0,4.0,South,8700000,87.0
Lalitpur,1026.75,2,1,1.0,1,13.0,East,12500000,125.0
Lalitpur,1283.4375,4,4,3.0,1,13.0,West,23500000,235.0
Lalitpur,1197.875,6,4,3.0,0,13.0,East,27000000,270.0
Kathmandu,1340.0,4,2,2.5,1,20.0,South,15200000,152.0
Kathmandu,1129.425,1,1,2.5,0,20.0,East,2650000,26.5
Kathmandu,1026.75,5,5,3.0,1,13.0,East,235000000,2350.0
Kathmandu,1369.0,7,6,3.0,1,13.0,East,27600000,276.0
Kathmandu,7529.5,5,4,2.5,8,16.0,East,70000000,700.0
Kathmandu,1540.125,4,4,2.0,2,16.0,East,50000000,500.0
Kathmandu,1026.75,4,3,2.0,1,15.0,East,22500000,225.0
Kathmandu,1026.75,1,3,2.0,1,16.0,East,23500000,235.0
Kathmandu,7529.5,6,7,3.0,8,15.0,East,70000000,700.0
Kathmandu,7187.25,10,10,4.0,5,20.0,East,160000000,1600.0
Kathmandu,2053.5,6,6,3.0,0,15.0,South East,42500000,425.0
Kathmandu,1060.9750000000001,5,5,3.0,1,13.0,North,18000000,180.0
Kathmandu,1369.0,6,6,3.0,2,14.0,East,27500000,275.0
Kathmandu,1711.25,5,3,2.5,1,15.0,West,33000000,330.0
Kathmandu,6845.0,5,6,3.0,4,18.0,East,145000000,1450.0
Lalitpur,7358.375,5,4,3.0,8,8.0,South,3700000,37.0
Lalitpur,1369.0,4,5,2.5,1,20.0,South West,21000000,210.0
Lalitpur,1647.078125,5,4,3.0,1,13.0,South East,28500000,285.0
Kathmandu,1711.25,4,2,2.5,0,20.0,North East,17500000,175.0
Kathmandu,1369.0,4,2,2.0,1,4.0,North East,15500000,155.0
Kathmandu,1369.0,4,2,2.5,1,20.0,North East,15500000,155.0
Kathmandu,3422.5,1,1,2.5,0,13.0,East,3200000,32.0
Kathmandu,1026.75,1,1,2.5,0,20.0,North,3000000,30.0
Kathmandu,1882.375,1,1,2.5,0,13.0,East,2300000,23.0
Kathmandu,1400.0,1,1,2.5,0,20.0,East,2000000,20.0
Kathmandu,2909.125,7,6,3.0,3,13.0,East,42000000,420.0
Kathmandu,5476.0,1,1,2.5,0,4.0,North East,2500000,25.0
Kathmandu,1711.25,1,1,2.5,0,13.0,East,4000000,40.0
Lalitpur,1112.3125,4,3,3.0,2,4.0,West,19000000,190.0
Lalitpur,1048.140625,3,2,2.5,1,13.0,South,21000000,210.0
Kathmandu,1454.5625,1,1,2.5,0,15.0,North East,3000000,30.0
Kathmandu,1779.7,1,1,2.5,0,15.0,South East,3000000,30.0
Kathmandu,1369.0,1,1,2.5,0,15.0,North East,2500000,25.0
Kathmandu,4791.5,7,8,3.0,4,14.0,East,85000000,850.0
Kathmandu,3422.5,1,1,2.5,0,13.0,South East,13000000,130.0
Kathmandu,1369.0,1,1,2.5,0,22.0,East,2600000,26.0
Kathmandu,1197.875,8,3,7.0,2,10.0,North,17000000,170.0
Kathmandu,1026.75,3,3,2.5,1,14.0,East,18500000,185.0
Kathmandu,2395.75,1,1,2.5,0,13.0,East,3200000,32.0
Kathmandu,1026.75,4,5,3.0,1,16.0,West,17000000,170.0
Kathmandu,1369.0,8,6,3.0,1,20.0,South East,32500000,325.0
Kathmandu,1369.0,5,5,3.0,2,15.0,East,29800000,298.0
Kathmandu,1882.375,5,5,3.0,1,14.0,North West,33500000,335.0
Kathmandu,1711.25,7,6,3.0,2,20.0,South West,29900000,299.0
Kathmandu,1813.925,6,6,3.0,2,14.0,South,49000000,490.0
Kathmandu,1026.75,5,3,2.5,1,10.0,South,29900000,299.0
Kathmandu,1026.75,6,6,3.0,1,13.0,East,21000000,210.0
Kathmandu,6502.75,6,6,3.0,5,13.0,East,100000000,1000.0
Kathmandu,2053.5,5,5,3.0,1,13.0,North,45000000,450.0
Kathmandu,6502.75,1,1,2.5,0,15.0,East,3500000,35.0
Kathmandu,1369.0,6,6,3.0,1,14.0,South East,33500000,335.0
Kathmandu,1369.0,5,5,3.0,1,15.0,North,28500000,285.0
Kathmandu,3764.75,5,5,3.0,3,16.0,East,50000000,500.0
Kathmandu,1711.25,5,5,3.0,2,20.0,East,35000000,350.0
Kathmandu,2909.125,5,5,3.0,2,13.0,West,49000000,490.0
Kathmandu,2395.75,5,5,3.0,3,15.0,East,39000000,390.0
Kathmandu,10952.0,1,1,2.5,0,20.0,East,6500000,65.0
Kathmandu,1369.0,6,6,3.0,1,13.0,East,29000000,290.0
Kathmandu,1711.25,5,5,3.0,1,16.0,South,44500000,445.0
Kathmandu,1711.25,1,1,2.5,0,15.0,South,5500000,55.0
Kathmandu,2738.0,1,1,2.5,0,16.0,East,3700000,37.0
Kathmandu,1403.225,5,5,3.0,1,16.0,East,29800000,298.0
Kathmandu,5476.0,1,1,2.5,0,12.0,East,5700000,57.0
Kathmandu,1176.484375,1,1,2.5,0,12.0,South East,2000000,20.0
Lalitpur,1800.0,3,2,7.0,1,20.0,South,45000000,450.0
Other,1369.0,1,1,2.5,0,13.0,East,2000000,20.0
Kathmandu,1369.0,6,5,3.0,3,15.0,East,38700000,387.0
Kathmandu,1369.0,6,5,3.0,3,13.0,East,39000000,390.0
Kathmandu,1625.6875,4,2,1.5,1,18.0,South,15000000,150.0
Kathmandu,4962.625,9,6,5.5,8,20.0,North,155000000,1550.0
Kathmandu,1967.9375,4,3,2.0,4,11.0,East,32500000,325.0
Lalitpur,6845.0,4,2,2.5,3,16.0,South,90000000,900.0
Kathmandu,2053.5,1,1,2.5,0,15.0,East,4500000,45.0
Lalitpur,1060.9750000000001,1,4,3.0,1,13.0,South East,19000000,190.0
Kathmandu,1369.0,6,5,2.5,1,14.0,East,21000000,210.0
Lalitpur,1112.3125,5,3,2.5,1,20.0,South,21500000,215.0
Lalitpur,1197.875,6,3,2.5,1,20.0,South,22500000,225.0
Kathmandu,2395.75,4,4,2.0,2,20.0,East,35000000,350.0
Kathmandu,4791.5,5,4,2.0,2,16.0,East,60000000,600.0
Kathmandu,3764.75,1,4,2.0,0,18.0,East,75000000,750.0
Kathmandu,1711.25,4,3,2.0,1,15.0,East,36500000,365.0
Kathmandu,1711.25,4,3,2.0,1,15.0,South East,37500000,375.0
Kathmandu,5476.0,1,1,2.5,0,15.0,East,5700000,57.0
Kathmandu,1060.9750000000001,4,3,2.0,1,12.0,East,25000000,250.0
Kathmandu,2252.005,1,4,2.0,3,16.0,East,38500000,385.0
Kathmandu,2053.5,1,1,2.5,0,20.0,South East,3500000,35.0
Kathmandu,1369.0,4,3,2.0,1,14.0,East,24000000,240.0
Kathmandu,1625.6875,4,3,3.0,1,15.0,East,35500000,355.0
Kathmandu,5476.0,4,4,2.5,0,16.0,East,110000000,1100.0
Kathmandu,1711.25,4,3,2.5,2,15.0,East,55000000,550.0
Kathmandu,1882.375,4,4,2.0,2,15.0,East,35500000,355.0
Kathmandu,1369.0,4,3,2.0,1,13.0,East,29500000,295.0
Kathmandu,2806.45,1,4,2.0,3,16.0,East,49500000,495.0
Kathmandu,5920.925,1,4,2.0,0,15.0,East,95000000,950.0
Kathmandu,1540.125,4,3,2.0,2,14.0,South East,28000000,280.0
Kathmandu,2395.75,4,4,2.5,3,16.0,East,45000000,450.0
Kathmandu,7187.25,1,4,2.5,0,16.0,East,80000000,800.0
Kathmandu,1711.25,4,4,2.0,2,15.0,East,35000000,350.0
Kathmandu,4107.0,4,4,2.0,4,16.0,South East,57500000,575.0
Kathmandu,3080.25,4,4,2.0,3,20.0,South East,55000000,550.0
Kathmandu,3080.25,4,4,2.5,4,20.0,South East,67500000,675.0
Kathmandu,2738.0,4,3,2.0,3,14.0,South East,55000000,550.0
Kathmandu,1711.25,6,3,2.0,2,15.0,East,35000000,350.0
Kathmandu,2053.5,5,4,2.0,2,15.0,North East,36000000,360.0
Kathmandu,1369.0,4,3,2.0,2,14.0,North East,26000000,260.0
Kathmandu,3080.25,5,4,2.0,3,16.0,South East,47500000,475.0
Kathmandu,1095.2,5,5,3.0,1,13.0,East,18200000,182.0
Kathmandu,1369.0,6,5,3.0,1,14.0,East,26000000,260.0
Kathmandu,2395.75,5,5,3.0,2,14.0,East,39000000,390.0
Kathmandu,1745.475,1,1,2.5,0,12.0,East,2300000,23.0
Kathmandu,1882.375,5,5,3.0,2,13.0,North West,33500000,335.0
Kathmandu,2395.75,5,6,3.0,2,14.0,East,39900000,399.0
Lalitpur,1259.0,3,2,4.0,1,4.0,East,18000000,180.0
Kathmandu,1369.0,8,7,4.0,1,20.0,South East,32500000,325.0
Kathmandu,1711.25,5,5,3.0,2,14.0,South,29000000,290.0
Kathmandu,1369.0,1,1,2.5,0,15.0,North East,2600000,26.0
Kathmandu,2053.5,5,5,3.0,1,13.0,East,36000000,360.0
Kathmandu,3080.25,4,5,3.0,3,15.0,East,47500000,475.0
Kathmandu,1369.0,1,1,2.5,0,12.0,East,28000000,280.0
Kathmandu,9583.0,1,1,2.5,0,60.0,North,4000000,40.0
Lalitpur,855.625,5,3,2.5,1,13.0,West,15000000,150.0
Lalitpur,1197.875,6,3,2.5,2,13.0,North,20000000,200.0
Kathmandu,1197.875,6,5,3.0,1,13.0,North West,23000000,230.0
Lalitpur,1197.875,5,2,2.5,1,13.0,West,18500000,185.0
Kathmandu,1369.0,6,5,3.0,1,22.0,North East,24500000,245.0
Kathmandu,1369.0,6,6,3.0,1,18.0,East,23800000,238.0
Kathmandu,2224.625,6,6,3.0,2,15.0,South,39000000,390.0
Kathmandu,1540.125,5,5,3.0,1,14.0,South West,31000000,310.0
Kathmandu,1369.0,6,5,3.0,1,13.0,South,29000000,290.0
Kathmandu,1197.875,6,5,3.0,1,13.0,South,25000000,250.0
Kathmandu,2738.0,5,5,3.0,2,15.0,South,56000000,560.0
Kathmandu,3080.25,5,5,3.0,3,20.0,South East,67500000,675.0
Kathmandu,3764.75,1,1,2.5,0,13.0,East,4000000,40.0
Kathmandu,2053.5,1,1,2.5,0,15.0,East,3500000,35.0
Kathmandu,1283.4375,6,6,3.0,1,13.0,East,37500000,375.0
Kathmandu,2738.0,1,1,2.5,0,13.0,East,4200000,42.0
Kathmandu,1625.6875,6,5,3.0,1,13.0,East,35000000,350.0
Lalitpur,1197.875,5,3,2.5,2,20.0,East,22000000,220.0
Lalitpur,1197.875,5,3,2.5,2,13.0,East,19500000,195.0
Lalitpur,1197.875,5,3,2.5,2,20.0,South,17000000,170.0
Lalitpur,1069.53125,6,4,2.5,1,16.0,South,17500000,175.0
Kathmandu,4107.0,1,1,2.5,0,15.0,North East,4500000,45.0
Lalitpur,1069.53125,5,3,2.5,1,13.0,South East,17500000,175.0
Other,1411.78125,4,3,2.0,0,7.0,East,10000000,100.0
Kathmandu,1112.3125,1,1,2.5,0,20.0,East,22000000,220.0
Kathmandu,2053.5,11,3,2.5,1,11.0,South,22000000,220.0
Lalitpur,1197.875,4,3,2.5,1,4.0,North,19000000,190.0
Kathmandu,1219.265625,1,1,5.0,0,30.0,West,120000000,1200.0
Kathmandu,7358.375,1,1,2.5,0,16.0,East,5750000,57.5
Kathmandu,941.1875,5,2,2.5,1,13.0,East,22000000,220.0
Kathmandu,1540.125,1,1,2.5,0,13.0,East,2500000,25.0
Lalitpur,1304.828125,1,1,2.5,0,13.0,West,3000000,30.0
Kathmandu,1060.9750000000001,5,4,3.0,1,15.0,North,17500000,175.0
Lalitpur,1069.53125,4,3,2.0,1,4.0,South,18000000,180.0
Kathmandu,2053.5,5,4,2.5,1,14.0,South,34000000,340.0
Kathmandu,1369.0,5,1,2.5,1,13.0,East,26300000,263.0
Kathmandu,1369.0,6,1,2.5,1,13.0,East,37000000,370.0
Lalitpur,1155.09375,4,3,2.5,1,13.0,South,17000000,170.0
Lalitpur,1133.703125,1,1,2.5,0,20.0,West,2400000,24.0
Lalitpur,1026.75,8,3,2.5,1,13.0,South,17000000,170.0
Lalitpur,1283.4375,1,1,2.5,0,10.0,South,2800000,28.0
Kathmandu,1026.75,4,3,2.5,1,12.0,East,16000000,160.0
Lalitpur,1283.4375,10,3,3.0,1,13.0,South,22000000,220.0
Kathmandu,1369.0,2,1,1.0,1,13.0,North East,11500000,115.0
Other,1711.25,1,1,2.5,0,13.0,South West,2100000,21.0
Lalitpur,1197.875,4,4,3.0,2,13.0,South,19700000,197.0
Kathmandu,1369.0,6,5,3.0,1,20.0,East,29000000,290.0
Kathmandu,2909.125,6,6,3.0,3,13.0,East,45000000,450.0
Kathmandu,2395.75,4,5,3.0,3,30.0,West,36000000,360.0
Kathmandu,1882.375,5,5,3.0,2,13.0,North West,35500000,355.0
Kathmandu,1048.140625,1,1,3.0,0,16.0,North,6100000,61.0
Kathmandu,941.1875,3,3,3.0,0,13.0,South West,24100000,241.0
Bhaktapur,1026.75,4,2,2.5,1,13.0,East,15500000,155.0
Kathmandu,2566.875,5,5,3.0,3,20.0,East,40000000,400.0
Lalitpur,1026.75,3,2,3.0,1,20.0,South,20000000,200.0
Lalitpur,1060.9750000000001,5,3,3.0,1,13.0,West,18000000,180.0
Lalitpur,2224.625,15,10,3.0,1,12.0,East,35000000,350.0
Kathmandu,1026.75,1,1,2.5,0,12.0,East,17000000,170.0
Kathmandu,1197.875,4,3,2.5,0,13.0,North,26000000,260.0
Kathmandu,1882.375,1,1,2.5,0,12.0,South,4500000,45.0
Other,342.25,4,1,2.5,0,14.0,North,3650000,36.5
Lalitpur,1197.875,1,1,2.5,0,7.0,East,3100000,31.0
Kathmandu,1197.875,5,6,3.0,1,13.0,East,25500000,255.0
Kathmandu,4107.0,5,5,3.0,4,15.0,East,68000000,680.0
Kathmandu,1197.875,6,5,3.0,1,20.0,North East,21500000,215.0
Kathmandu,1026.75,6,1,3.0,5,13.0,West,18200000,182.0
Kathmandu,7187.25,4,4,3.0,4,14.0,East,80000000,800.0
Kathmandu,1060.9750000000001,6,5,3.0,1,12.0,South West,19900000,199.0
Kathmandu,5818.25,5,5,3.0,0,15.0,South West,72000000,720.0
Kathmandu,2053.5,5,5,3.0,0,13.0,North East,60000000,600.0
Kathmandu,4107.0,6,5,3.0,6,15.0,North West,57500000,575.0
Kathmandu,4791.5,5,5,3.0,4,20.0,South East,66000000,660.0
Kathmandu,1369.0,7,5,3.0,1,13.0,South West,29900000,299.0
Kathmandu,1369.0,7,7,3.0,1,13.0,South East,29900000,299.0
Kathmandu,1711.25,4,4,3.0,1,20.0,North East,33500000,335.0
Lalitpur,1625.6875,5,4,2.5,1,16.0,East,37500000,375.0
Kathmandu,1283.4375,1,1,2.5,0,12.0,East,2300000,23.0
Kathmandu,1369.0,1,1,2.5,0,20.0,East,2250000,22.5
Kathmandu,1796.8125,3,2,3.0,3,20.0,East,23000000,230.0
Kathmandu,1060.9750000000001,5,3,3.0,1,13.0,North East,20600000,206.0
Kathmandu,1369.0,5,3,3.0,1,26.0,West,26000000,260.0
Kathmandu,2738.0,5,5,2.5,3,20.0,South,65000000,650.0
Kathmandu,2395.75,4,5,3.0,3,15.0,South East,45000000,450.0
Kathmandu,1540.125,1,1,2.5,0,13.0,South West,3500000,35.0
Kathmandu,1369.0,8,3,3.0,1,16.0,North East,28500000,285.0
Kathmandu,1711.25,1,1,2.5,1,13.0,North,40000000,400.0
Lalitpur,1026.75,1,1,2.5,1,4.0,North East,19000000,190.0
Lalitpur,684.5,2,1,1.0,1,13.0,East,11000000,110.0
Lalitpur,1048.140625,4,5,3.0,1,20.0,East,19200000,192.0
Kathmandu,1882.375,5,5,3.0,2,13.0,East,36000000,360.0
Kathmandu,1369.0,4,4,2.5,1,15.0,South,20500000,205.0
Kathmandu,1060.9750000000001,4,4,3.0,1,13.0,North,18000000,180.0
Kathmandu,4449.25,5,5,3.0,4,15.0,East,72000000,720.0
Kathmandu,1369.0,6,5,3.0,1,13.0,East,23000000,230.0
Kathmandu,1060.9750000000001,6,4,3.0,1,13.0,South East,19900000,199.0
Kathmandu,1369.0,7,8,4.0,2,14.0,East,40000000,400.0
Kathmandu,1197.875,5,5,3.0,1,13.0,South,21500000,215.0
Kathmandu,1369.0,6,3,2.0,2,4.0,North East,34500000,345.0
Kathmandu,5476.0,4,4,2.0,4,14.0,West,70000000,700.0
Kathmandu,2121.9500000000003,1,1,2.5,0,32.8084,East,55000000,550.0
Kathmandu,5133.75,5,5,3.0,4,14.0,South,65000000,650.0
Kathmandu,2738.0,7,7,3.0,3,13.0,East,62000000,620.0
Kathmandu,3422.5,1,2,2.0,2,18.0,North,5800000,58.0
Kathmandu,1540.125,1,1,3.5,0,13.0,North,25500000,255.0
Kathmandu,855.625,1,1,2.5,1,12.0,South East,13500000,135.0
Lalitpur,1967.9375,1,1,2.5,0,20.0,South,28000000,280.0
Kathmandu,1026.75,1,1,1.0,2,14.0,East,20000000,200.0
Kathmandu,4791.5,4,4,2.0,2,15.0,East,67500000,675.0
Kathmandu,1882.375,4,4,2.0,2,15.0,East,32500000,325.0
Kathmandu,2395.75,4,4,2.0,2,15.0,East,35000000,350.0
Kathmandu,1437.45,4,4,2.0,1,14.0,East,31000000,310.0
Kathmandu,1129.425,4,4,2.0,1,18.0,East,32500000,325.0
Kathmandu,1060.9750000000001,4,4,3.0,1,15.0,East,20000000,200.0
Kathmandu,1540.125,2,3,2.5,4,15.0,East,35000000,350.0
Kathmandu,1369.0,4,3,3.0,1,30.0,East,32500000,325.0
Kathmandu,1711.25,10,1,3.0,0,15.0,North,22000000,220.0
Kathmandu,2053.5,4,4,3.0,2,33.0,East,35000000,350.0
Kathmandu,1369.0,1,1,3.0,1,12.0,East,26000000,260.0
Kathmandu,1369.0,1,1,3.0,1,14.0,South East,26500000,265.0
Kathmandu,1197.875,1,1,2.5,0,13.0,East,11500000,115.0
Kathmandu,1745.475,1,1,4.0,0,4.0,South,60000000,600.0
Kathmandu,1711.25,7,6,4.0,1,16.0,South,37000000,370.0
Other,2738.0,1,1,2.5,0,15.0,North,16000000,160.0
Bhaktapur,2053.5,15,3,3.0,0,13.0,North,27000000,270.0
Chitwan,684.5,1,1,2.5,0,19.68504,North,50000000,500.0
Lalitpur,1711.25,1,1,2.5,0,40.0,South West,3700000,37.0
Other,1882.375,1,2,3.0,0,12.0,South,15000000,150.0
Other,3422.5,1,1,2.5,0,25.0,East,2500000,25.0
Lalitpur,1026.75,2,1,2.0,0,5.0,West,6500000,65.0
Kathmandu,1540.125,7,1,3.0,2,13.0,East,27500000,275.0
Kathmandu,1026.75,6,4,3.0,2,13.0,East,18000000,180.0
Kathmandu,1112.3125,8,4,2.5,1,4.0,North,32000000,320.0
Lalitpur,1925.15625,4,4,3.0,3,13.0,North West,38500000,385.0
Kathmandu,1369.0,4,4,4.0,1,22.0,East,35000000,350.0
Kathmandu,1026.75,1,1,2.5,0,13.0,East,18200000,182.0
Kathmandu,855.625,4,3,3.0,1,13.0,South East,13500000,135.0
Other,3080.25,3,1,2.0,1,13.0,North East,8000000,80.0
Other,6160.5,1,1,2.5,0,15.0,West,2500000,25.0
Chitwan,2053.5,2,1,1.0,2,19.68504,East,7500000,75.0
Kathmandu,2310.1875,1,1,2.5,0,24.0,West,5700000,57.0
Kathmandu,1026.75,1,1,2.5,0,13.0,West,2000000,20.0
Kathmandu,2395.75,6,5,3.0,5,12.0,East,32500000,325.0
Kathmandu,1133.703125,1,3,3.0,1,9.0,East,18000000,180.0
Kathmandu,5240.703125,1,1,1.0,0,10.0,North,3000000,30.0
Kathmandu,3593.625,1,1,1.0,0,30.0,South West,20000000,200.0
Lalitpur,1026.75,1,1,2.5,0,13.0,West,14500000,145.0
Pokhara,6845.0,1,1,2.5,0,15.0,East,11000000,110.0
Kathmandu,2738.0,1,1,2.5,0,15.0,South,45000000,450.0
Kathmandu,3080.25,1,1,2.5,0,15.0,South,49500000,495.0
Lalitpur,3422.5,3,3,2.0,4,20.0,East,70000000,700.0
Kathmandu,3251.375,4,3,3.0,4,20.0,East,70000000,700.0
Kathmandu,3080.25,1,1,2.5,0,9.0,North,4300000,43.0
Lalitpur,1369.0,3,5,2.5,1,20.0,East,25000000,250.0
Lalitpur,1369.0,15,4,4.0,1,10.0,East,16000000,160.0
Lalitpur,941.1875,3,9,3.0,0,10.0,North East,13500000,135.0
Lalitpur,1048.140625,2,1,1.0,0,12.0,North East,12000000,120.0
Lalitpur,2224.625,1,1,2.5,0,16.0,North East,2700000,27.0
Kathmandu,1711.25,6,3,3.0,2,13.0,East,27800000,278.0
Lalitpur,2224.625,3,3,2.5,2,20.0,East,36000000,360.0
Kathmandu,4620.375,8,9,4.0,4,13.0,South,100000000,1000.0
Kathmandu,3165.8125,6,3,2.5,4,20.0,South,60000000,600.0
Kathmandu,1668.46875,1,1,2.5,0,20.0,North East,4000000,40.0
Kathmandu,5133.75,5,5,3.0,3,13.0,South East,65000000,650.0
Kathmandu,3422.5,6,6,3.0,3,20.0,East,56000000,560.0
Kathmandu,2772.225,6,5,3.0,3,15.0,South East,44500000,445.0
Kathmandu,5818.25,5,5,2.5,3,13.0,East,85000000,850.0
Kathmandu,2738.0,1,1,2.5,0,13.0,East,38000000,380.0
Kathmandu,2395.75,1,1,2.5,0,16.0,West,2000000,20.0
Kathmandu,1069.53125,8,1,3.0,0,10.0,South,19000000,190.0
Kathmandu,855.625,3,1,1.0,0,4.0,North,7500000,75.0
Kathmandu,2738.0,5,4,2.5,2,20.0,East,47500000,475.0
Kathmandu,1369.0,3,3,2.5,1,20.0,South,25000000,250.0
Lalitpur,1326.21875,7,2,3.0,0,13.0,South,22500000,225.0
Lalitpur,2053.5,5,4,2.5,2,20.0,West,35000000,350.0
Kathmandu,2395.75,7,4,2.0,1,10.0,South East,50000000,500.0
Lalitpur,1882.375,1,1,2.5,0,12.0,North,4000000,40.0
Kathmandu,1026.75,7,5,4.0,1,13.0,North,25000000,250.0
Kathmandu,1048.140625,1,1,2.0,0,14.0,South East,16500000,165.0
Kathmandu,2395.75,5,4,2.5,2,13.0,South West,46000000,460.0
Bhaktapur,2566.875,5,4,3.0,0,15.0,East,30000000,300.0
Kathmandu,1882.375,1,1,2.5,0,26.24672,North,3300000,33.0
Kathmandu,1369.0,1,1,2.5,0,20.0,North,7000000,70.0
Kathmandu,1711.25,2,4,3.0,3,13.0,South,28000000,280.0
Kathmandu,1454.5625,1,1,2.5,0,13.0,North,35000000,350.0
Kathmandu,1540.125,1,1,2.5,0,12.0,South,49000000,490.0
Kathmandu,1369.0,1,1,2.5,0,20.0,South,4000000,40.0
Kathmandu,1197.875,5,5,3.0,1,13.0,East,21500000,215.0
Kathmandu,2738.0,1,1,2.5,0,15.0,East,3900000,39.0
Kathmandu,1369.0,1,1,2.5,0,33.0,West,6700000,67.0
Kathmandu,1711.25,7,5,3.0,1,20.0,East,25500000,255.0
Kathmandu,2738.0,1,1,2.5,0,15.0,East,4200000,42.0
Kathmandu,1048.140625,8,1,2.5,0,13.0,North,16500000,165.0
Kathmandu,1454.5625,11,1,2.5,0,13.0,West,22000000,220.0
Bhaktapur,1369.0,1,1,2.5,0,10.0,South,10500000,105.0
Kathmandu,3251.375,1,1,2.5,0,18.0,West,2200000,22.0
Kathmandu,4107.0,5,7,2.0,3,14.0,East,70000000,700.0
Kathmandu,1967.9375,5,6,3.0,5,20.0,North,39500000,395.0
Kathmandu,1711.25,2,1,1.0,0,12.0,South,18000000,180.0
Lalitpur,2310.1875,1,1,1.0,0,26.0,East,4300000,43.0
Kathmandu,1026.75,3,4,3.0,1,14.0,East,22000000,220.0
Kathmandu,3080.25,1,1,2.5,0,16.0,South East,5500000,55.0
Kathmandu,2224.625,5,6,2.0,5,15.0,East,62500000,625.0
Kathmandu,2395.75,1,1,2.5,0,16.0,South East,8500000,85.0
Kathmandu,11123.125,1,1,2.5,0,16.0,South,32500000,325.0
Kathmandu,2053.5,15,6,2.5,6,13.0,South,47000000,470.0
Kathmandu,5476.0,1,1,2.5,0,20.0,North East,11000000,110.0
Kathmandu,1026.75,1,4,2.5,4,12.0,North,22500000,225.0
Kathmandu,8898.5,1,1,2.5,0,40.0,South East,11000000,110.0
Kathmandu,10609.75,1,1,2.5,0,50.0,East,13000000,130.0
Kathmandu,2738.0,6,6,3.0,2,20.0,South West,45000000,450.0
Kathmandu,8898.5,6,7,2.0,8,20.0,North,130000000,1300.0
Kathmandu,3080.25,1,1,2.5,0,60.0,East,15000000,150.0
Kathmandu,3165.8125,1,1,2.5,0,45.0,West,7500000,75.0
Kathmandu,2224.625,1,1,2.5,0,12.0,East,4000000,40.0
Kathmandu,4149.78125,4,5,2.0,2,20.0,South East,120000000,1200.0
Kathmandu,1711.25,6,5,3.0,1,14.0,East,22000000,220.0
Lalitpur,1369.0,3,2,2.0,3,13.0,West,17000000,170.0
Kathmandu,1369.0,10,8,4.0,2,30.0,South,30000000,300.0
Kathmandu,1026.75,1,1,2.5,0,10.0,West,7000000,70.0
Lalitpur,1390.390625,4,4,3.0,2,13.0,East,19000000,190.0
Lalitpur,3764.75,1,4,4.0,0,4.0,South,18000000,180.0
Kathmandu,919.796875,1,1,1.0,1,10.0,North West,12000000,120.0
Kathmandu,855.625,15,10,2.5,0,15.0,West,122500000,1225.0
Kathmandu,1369.0,1,1,2.5,0,15.0,South,20000000,200.0
Lalitpur,1026.75,8,3,2.5,0,13.0,South,17000000,170.0
Kathmandu,1026.75,1,1,2.5,0,10.0,East,17000000,170.0
Kathmandu,855.625,4,1,2.5,0,10.0,South,8500000,85.0
Lalitpur,1026.75,8,1,3.0,0,20.0,North,15500000,155.0
Kathmandu,2395.75,1,1,2.5,0,20.0,East,2600000,26.0
Pokhara,16492.171875,1,1,2.5,0,20.0,East,60000000,600.0
Kathmandu,1711.25,1,1,2.5,0,15.0,East,5600000,56.0
Kathmandu,1369.0,5,6,3.0,1,15.0,East,44000000,440.0
Kathmandu,6845.0,6,6,3.0,8,20.0,North West,100000000,1000.0
Kathmandu,6160.5,5,7,3.0,0,20.0,South East,96000000,960.0
Kathmandu,1540.125,6,6,3.0,2,20.0,East,28500000,285.0
Kathmandu,1369.0,1,1,2.5,0,16.0,North,22500000,225.0
Kathmandu,2772.225,15,10,2.5,2,15.0,East,41000000,410.0
Kathmandu,1711.25,11,1,4.0,2,13.0,North,30000000,300.0
Lalitpur,1711.25,1,1,2.5,0,4.0,East,2500000,25.0
Kathmandu,2224.625,5,6,3.0,3,15.0,East,65000000,650.0
Kathmandu,1026.75,1,1,2.5,0,13.0,South East,2300000,23.0
Kathmandu,6160.5,4,4,3.0,4,13.0,North East,115000000,1150.0
Kathmandu,1711.25,1,1,2.5,0,4.0,South East,4000000,40.0
Chitwan,4449.25,1,1,2.5,0,19.68504,North,2500000,25.0
Lalitpur,1369.0,1,1,2.5,0,20.0,South West,3500000,35.0
Lalitpur,1711.25,1,1,2.5,0,13.0,South West,2300000,23.0
Kathmandu,1369.0,1,1,2.5,0,16.0,South East,2100000,21.0
Kathmandu,2224.625,6,4,3.0,8,32.0,West,35000000,350.0
Kathmandu,7871.75,7,4,2.5,3,26.0,East,140000000,1400.0
Bhaktapur,1026.75,1,1,2.5,0,13.0,South,7500000,75.0
Kathmandu,941.1875,1,1,2.5,0,10.0,East,9500000,95.0
Kathmandu,1112.3125,1,1,2.5,0,13.0,South East,20000000,200.0
Kathmandu,1026.75,1,1,2.5,0,16.0,South,18000000,180.0
Pokhara,5818.25,1,1,2.5,0,30.0,South,12000000,120.0
Kathmandu,2395.75,1,1,2.5,0,15.0,North,35000000,350.0
Kathmandu,1369.0,1,1,2.5,0,4.0,West,4500000,45.0
Kathmandu,1540.125,1,1,2.5,0,16.0,East,5500000,55.0
Lalitpur,962.578125,2,2,2.5,1,13.0,North,17600000,176.0
Kathmandu,1197.875,1,1,2.5,0,13.0,North,18500000,185.0
Lalitpur,1882.375,1,1,3.0,0,12.0,South East,25000000,250.0
Kathmandu,1711.25,5,4,4.0,1,12.0,East,33000000,330.0
Pokhara,6160.5,1,1,2.5,0,12.0,West,8000000,80.0
Kathmandu,1026.75,9,4,3.0,3,13.0,South,22500000,225.0
Kathmandu,1369.0,6,3,3.0,3,13.0,West,27500000,275.0
Lalitpur,1369.0,6,3,3.0,1,13.0,South East,23800000,238.0
Kathmandu,1197.875,8,1,2.5,0,12.0,West,18500000,185.0
Kathmandu,2139.0625,12,1,2.5,0,12.0,North,33000000,330.0
Kathmandu,1369.0,10,1,3.0,0,12.0,South,23000000,230.0
Kathmandu,1026.75,7,1,2.5,0,12.0,South,15500000,155.0
Bhaktapur,898.40625,1,1,2.5,0,26.24672,East,8500000,85.0
Kathmandu,1369.0,1,1,2.5,0,20.0,South East,2000000,20.0
Kathmandu,3294.15625,1,1,2.5,0,15.0,North,2225000,22.25
Kathmandu,941.1875,1,1,2.5,0,10.0,East,19000000,190.0
Kathmandu,1882.375,1,1,2.5,0,15.0,West,29800000,298.0
Kathmandu,1711.25,1,1,2.5,0,14.0,North,3500000,35.0
Kathmandu,2139.0625,13,1,2.5,0,13.0,West,26200000,262.0
Kathmandu,1026.75,1,1,1.0,0,13.0,North,4600000,46.0
Lalitpur,1369.0,4,4,3.0,1,16.0,South West,26500000,265.0
Kathmandu,2759.390625,1,1,2.5,0,13.0,South,8500000,85.0
Other,1026.75,1,1,2.5,0,4.0,East,5500000,55.0
Kathmandu,2823.5625,5,4,2.0,2,13.0,East,41000000,410.0
Kathmandu,2395.75,11,1,2.5,0,15.0,West,42000000,420.0
Kathmandu,1711.25,1,1,2.5,0,10.0,North,2800000,28.0
Kathmandu,1112.3125,1,1,2.5,0,16.0,North East,21500000,215.0
Kathmandu,1283.4375,1,1,2.5,0,10.0,East,2500000,25.0
Kathmandu,1540.125,6,4,3.0,2,13.0,East,25500000,255.0
Kathmandu,1026.75,1,1,2.5,0,10.0,East,15000000,150.0
Kathmandu,1369.0,5,5,2.5,2,13.0,East,32000000,320.0
Chitwan,2053.5,1,1,2.5,0,19.68504,North,5000000,50.0
Lalitpur,1369.0,1,1,1.0,0,22.0,South East,2900000,29.0
Lalitpur,1112.3125,1,1,2.5,0,10.0,South,2700000,27.0
Kathmandu,1454.5625,6,3,3.0,2,30.0,South,32000000,320.0
Bhaktapur,1090.921875,1,1,2.5,0,12.0,North,11500000,115.0
Other,10952.0,15,10,3.0,1,55.0,North,125000000,1250.0
Kathmandu,1369.0,1,1,2.5,0,19.68504,South,5400000,54.0
Kathmandu,855.625,8,1,3.0,0,13.0,West,14000000,140.0
Chitwan,2053.5,2,1,1.0,0,19.68504,South,5000000,50.0
Lalitpur,3080.25,1,1,2.5,0,16.0,East,49500000,495.0
Kathmandu,1369.0,1,1,2.5,0,13.0,East,10000000,100.0
Lalitpur,5476.0,1,1,2.5,0,13.0,North West,8500000,85.0
Other,1711.25,1,1,2.0,0,15.0,North,9500000,95.0
Lalitpur,3080.25,5,5,2.5,4,20.0,East,80000000,800.0
Kathmandu,1026.75,5,2,3.0,1,12.0,East,17000000,170.0
Lalitpur,1026.75,2,2,1.0,1,13.0,North East,10000000,100.0
Lalitpur,1197.875,9,5,4.0,3,33.0,North West,30000000,300.0
Lalitpur,2738.0,1,1,2.5,0,15.0,West,4500000,45.0
Kathmandu,1197.875,1,3,3.0,2,13.0,East,22500000,225.0
Lalitpur,2738.0,1,1,2.5,0,15.0,West,5500000,55.0
Lalitpur,3764.75,1,1,2.5,0,15.0,West,7000000,70.0
Lalitpur,4107.0,1,1,2.5,0,13.0,West,5500000,55.0
Kathmandu,1711.25,11,1,2.0,0,15.0,West,22000000,220.0
Other,8520.0,1,1,1.0,0,4.0,East,37000000,370.0
Kathmandu,2310.1875,1,1,2.5,0,20.0,South,36000000,360.0
Kathmandu,855.625,7,1,2.0,0,13.0,North,13200000,132.0
Kathmandu,1454.5625,15,1,4.0,0,32.0,North,29000000,290.0
Kathmandu,1711.25,1,1,2.5,0,20.0,West,20500000,205.0
Kathmandu,1197.875,3,4,2.5,1,4.0,North,27000000,270.0
Lalitpur,2053.5,1,1,2.5,0,4.0,West,8000000,80.0
Kathmandu,1454.5625,1,1,2.5,0,26.0,West,12000000,120.0
Lalitpur,1197.875,5,3,3.0,0,13.0,North,19500000,195.0
Kathmandu,1454.5625,1,1,2.5,0,13.0,North,19500000,195.0
Lalitpur,1369.0,1,1,2.5,0,5.0,East,3700000,37.0
Kathmandu,1369.0,1,1,2.5,0,12.0,West,3700000,37.0
Lalitpur,16428.0,1,1,2.5,0,20.0,North,4000000,40.0
Kathmandu,5476.0,1,1,2.5,0,20.0,South,5000000,50.0
Kathmandu,1369.0,11,5,3.0,0,13.0,East,26500000,265.0
Kathmandu,1369.0,11,1,3.0,0,13.0,North,25500000,255.0
Kathmandu,2374.359375,5,2,3.0,1,15.0,South,29500000,295.0
Kathmandu,1403.225,1,3,3.0,2,13.0,East,23500000,235.0
Lalitpur,855.625,4,3,3.0,0,13.0,South,15000000,150.0
Lalitpur,1090.921875,4,3,3.0,0,10.0,South East,19000000,190.0
Lalitpur,855.625,4,3,3.0,0,13.0,South,15000000,150.0
Lalitpur,1283.4375,4,3,3.0,0,20.0,South,23500000,235.0
Lalitpur,1026.75,5,4,3.0,0,11.0,North West,18000000,180.0
Lalitpur,1112.3125,3,3,3.0,2,13.0,South,18500000,185.0
Other,3080.25,1,1,2.5,0,20.0,North,15000000,150.0
Kathmandu,1540.125,7,3,3.0,0,10.0,South East,24500000,245.0
Kathmandu,1540.125,1,1,3.0,3,8.0,South,33000000,330.0
Kathmandu,2053.5,1,1,2.5,0,20.0,South East,6500000,65.0
Kathmandu,4107.0,1,1,2.5,0,20.0,East,6500000,65.0
Lalitpur,4107.0,1,1,2.5,0,20.0,North,6500000,65.0
Lalitpur,5476.0,1,1,2.5,0,13.0,South East,5500000,55.0
Other,7187.25,1,1,2.0,0,15.0,East,19000000,190.0
Lalitpur,1026.75,2,1,1.0,1,13.0,West,4800000,48.0
Bhaktapur,2395.75,1,1,3.5,0,15.0,West,21500000,215.0
Lalitpur,1796.8125,1,1,2.5,0,12.0,South,26000000,260.0
Pokhara,5476.0,13,1,2.5,0,20.0,East,26000000,260.0
Lalitpur,1112.3125,1,1,2.5,0,13.0,South,2300000,23.0
Other,3422.5,4,1,2.0,3,20.0,South,20000000,200.0
Lalitpur,1262.046875,4,4,2.0,1,20.0,West,19500000,195.0
Kathmandu,4791.5,5,5,2.0,0,14.0,East,51000000,510.0
Lalitpur,1369.0,4,4,2.0,1,16.0,East,26500000,265.0
Lalitpur,1369.0,5,3,2.5,4,4.0,East,29500000,295.0
Pokhara,7187.25,1,1,2.5,0,30.0,South West,15000000,150.0
Kathmandu,1026.75,2,3,3.0,1,12.0,West,15000000,150.0
Kathmandu,1026.75,3,4,3.0,1,20.0,East,40000000,400.0
Kathmandu,3764.75,6,2,3.0,1,20.0,East,17500000,175.0
Kathmandu,6845.0,6,6,3.0,4,15.0,East,90000000,900.0
Kathmandu,684.5,4,3,3.0,0,10.0,East,13500000,135.0
Bhaktapur,900.0,1,1,2.5,0,15.0,North,2000000,20.0
Other,11978.75,1,1,2.5,0,20.0,South East,15000000,150.0
Lalitpur,1026.75,3,1,1.0,0,14.0,North,11000000,110.0
Kathmandu,3080.25,5,5,3.0,0,13.0,North,70000000,700.0
Pokhara,6845.0,1,1,2.5,0,18.0,West,4500000,45.0
Kathmandu,1197.875,5,5,3.0,1,14.0,East,17900000,179.0
Kathmandu,2395.75,5,5,3.0,2,15.0,South West,34500000,345.0
Kathmandu,2395.75,7,6,3.0,3,20.0,East,41000000,410.0
Kathmandu,513.375,7,4,4.0,0,26.0,East,18500000,185.0
Kathmandu,10952.0,5,6,3.0,8,20.0,West,105000000,1050.0
Bhaktapur,1026.75,1,1,2.5,0,10.0,South,3000000,30.0
Kathmandu,2053.5,9,10,5.0,2,14.0,South,36500000,365.0
Kathmandu,1026.75,1,1,2.5,0,10.0,South,15000000,150.0
Kathmandu,1197.875,5,4,2.0,2,13.0,West,21000000,210.0
Kathmandu,2738.0,1,1,2.5,0,14.0,North,38000000,380.0
Kathmandu,855.625,1,1,3.0,0,12.0,West,11000000,110.0
Kathmandu,1454.5625,2,1,1.0,0,12.0,North,7500000,75.0
Kathmandu,1095.2,7,3,3.0,0,4.0,East,17500000,175.0
Pokhara,10952.0,1,1,2.5,0,16.0,West,9000000,90.0
Kathmandu,1369.0,1,1,2.5,0,20.0,West,5000000,50.0
Kathmandu,1026.75,1,1,2.5,0,24.0,North,5200000,52.0
Kathmandu,3080.25,1,1,2.5,0,4.0,East,27000000,270.0
Lalitpur,1347.609375,2,1,1.0,0,13.0,East,13000000,130.0
Kathmandu,1197.875,1,1,2.5,0,13.0,North,13000000,130.0
Chitwan,8556.25,1,1,2.5,0,19.68504,North East,48000000,480.0
Kathmandu,1369.0,7,3,2.5,0,10.0,West,8000000,80.0
Kathmandu,1060.9750000000001,5,6,3.0,1,12.0,South,17800000,178.0
Kathmandu,2738.0,1,1,2.5,0,18.0,North East,4000000,40.0
Kathmandu,1197.875,5,6,3.0,1,12.0,North East,21800000,218.0
Kathmandu,1283.4375,1,1,2.5,0,10.0,West,29000000,290.0
Kathmandu,2566.875,1,1,2.5,0,14.0,West,6000000,60.0
Other,14716.75,15,10,4.0,3,30.0,East,4500000,45.0
Kathmandu,1026.75,1,1,2.5,0,12.0,West,3500000,35.0
Kathmandu,2310.1875,1,1,2.5,0,10.0,West,2400000,24.0
Kathmandu,1060.9750000000001,4,3,2.0,0,15.0,South,23000000,230.0
Kathmandu,1369.0,5,1,3.0,0,12.0,West,29000000,290.0
Kathmandu,5476.0,3,4,2.0,4,20.0,North,70000000,700.0
Kathmandu,1540.125,1,1,2.5,0,22.0,North,37500000,375.0
Kathmandu,1711.25,1,1,2.5,0,20.0,East,4500000,45.0
Kathmandu,1454.5625,1,1,2.5,0,12.0,North,11500000,115.0
Kathmandu,941.1875,6,1,2.5,0,13.0,North,12500000,125.0
Kathmandu,1369.0,1,1,2.5,0,12.0,West,2900000,29.0
Kathmandu,2224.625,6,1,3.0,4,10.0,North,42500000,425.0
Kathmandu,3422.5,1,1,2.5,0,16.0,West,4200000,42.0
Kathmandu,1711.25,1,1,2.5,0,12.0,East,2400000,24.0
Kathmandu,4107.0,1,1,2.5,0,13.0,East,2300000,23.0
Kathmandu,598.9375,1,1,2.5,0,9.0,South,25000000,250.0
Kathmandu,1369.0,1,1,2.5,0,22.0,South,22000000,220.0
Kathmandu,1369.0,5,4,3.0,2,20.0,West,30000000,300.0
Lalitpur,1026.75,1,1,2.5,0,13.0,South,17500000,175.0
Lalitpur,855.625,1,1,2.5,0,13.0,South,15000000,150.0
Kathmandu,1540.125,1,1,2.5,0,20.0,West,3700000,37.0
Lalitpur,1711.25,1,1,2.5,5,22.0,South East,76000000,760.0
Lalitpur,700.0,2,1,1.0,1,20.0,East,12000000,120.0
Pokhara,2224.625,7,5,3.0,3,20.0,South East,37000000,370.0
Kathmandu,1026.75,1,1,2.5,0,12.0,West,4000000,40.0
Lalitpur,1369.0,5,4,2.5,0,13.0,North,26000000,260.0
Kathmandu,1540.125,1,1,2.5,0,13.0,East,2200000,22.0
Kathmandu,1711.25,11,1,2.5,0,13.0,North,29800000,298.0
Kathmandu,1604.296875,6,4,3.0,1,12.0,South,25000000,250.0
Kathmandu,2053.5,1,1,2.5,0,12.0,South,32000000,320.0
Other,3422.5,1,1,2.5,0,15.0,West,10000000,100.0
Lalitpur,342.25,1,1,2.5,0,40.0,West,15000000,150.0
Pokhara,2566.875,1,1,2.5,0,15.0,West,9500000,95.0
Kathmandu,1967.9375,1,1,2.5,0,14.0,South East,3500000,35.0
Kathmandu,1026.75,1,1,2.5,0,10.0,West,11000000,110.0
Kathmandu,1403.225,6,3,2.0,2,11.0,South East,17000000,170.0
Kathmandu,1946.546875,1,1,2.0,2,20.0,South East,35000000,350.0
Lalitpur,1369.0,4,4,3.0,2,13.0,North,30000000,300.0
Kathmandu,1860.984375,1,1,2.5,0,30.0,North,22000000,220.0
Kathmandu,1283.4375,1,1,2.5,0,13.0,North,24000000,240.0
Kathmandu,342.25,1,1,2.5,0,10.0,South,4000000,40.0
Kathmandu,2224.625,1,1,2.5,0,15.0,South West,2750000,27.5
Kathmandu,4107.0,1,1,2.5,0,20.0,South West,4000000,40.0
Other,1711.25,1,1,2.5,0,15.0,West,8500000,85.0
Other,1711.25,1,1,2.5,0,52.0,West,8000000,80.0
Lalitpur,1369.0,1,1,2.5,0,13.0,East,2500000,25.0
Lalitpur,2738.0,1,1,2.5,0,20.0,East,6000000,60.0
Kathmandu,1219.265625,1,1,3.0,0,15.0,West,21000000,210.0
Kathmandu,1240.65625,1,1,2.0,0,13.0,West,22500000,225.0
Kathmandu,10952.0,1,1,3.0,0,14.0,East,115000000,1150.0
Kathmandu,1369.0,1,1,2.5,0,15.0,South,28000000,280.0
Lalitpur,1711.25,1,1,2.5,0,12.0,West,10000000,100.0
Lalitpur,2738.0,1,1,2.5,0,14.0,West,25000000,250.0
Kathmandu,2032.109375,1,1,2.5,0,14.0,West,3500000,35.0
Kathmandu,1369.0,6,6,3.0,1,15.0,North West,24000000,240.0
Kathmandu,1369.0,6,6,3.0,1,14.0,South East,24000000,240.0
Lalitpur,1026.75,5,3,3.0,3,13.0,East,21000000,210.0
Lalitpur,3764.75,1,1,2.5,0,10.0,West,5500000,55.0
Lalitpur,1711.25,1,1,2.5,0,20.0,East,5000000,50.0
Kathmandu,2823.5625,1,1,2.5,0,15.0,North,2000000,20.0
Kathmandu,1369.0,1,1,2.5,0,13.0,North,2500000,25.0
Lalitpur,1026.75,1,1,2.0,0,13.0,East,12500000,125.0
Kathmandu,1369.0,5,3,3.0,0,26.0,South,27500000,275.0
Kathmandu,1369.0,1,1,3.0,0,15.0,South,24000000,240.0
Kathmandu,1197.875,1,1,2.5,0,24.0,South,2000000,20.0
Kathmandu,1369.0,11,3,3.0,0,13.0,North,24000000,240.0
Lalitpur,11294.25,1,1,1.0,0,13.0,East,11500000,115.0
Kathmandu,1129.425,7,4,2.5,0,12.0,West,24500000,245.0
Lalitpur,1540.125,3,5,3.0,1,18.0,South West,28500000,285.0
Kathmandu,2738.0,1,1,2.5,0,20.0,North East,4200000,42.0
Kathmandu,3422.5,4,6,3.0,4,15.0,East,62000000,620.0
Kathmandu,2053.5,6,6,4.0,2,15.0,South,42500000,425.0
Kathmandu,1369.0,5,5,3.0,1,30.0,East,24500000,245.0
Kathmandu,2738.0,6,6,3.0,2,15.0,South West,45000000,450.0
Kathmandu,2224.625,1,1,2.5,3,18.0,South West,33000000,330.0
Kathmandu,3721.96875,1,1,2.5,0,12.0,South,80000000,800.0
Lalitpur,1369.0,1,1,2.0,0,21.0,East,46500000,465.0
Kathmandu,1369.0,5,1,3.0,0,15.0,South,34000000,340.0
Lalitpur,1711.25,1,1,2.5,0,20.0,South,2200000,22.0
Kathmandu,1369.0,1,1,2.5,0,20.0,East,6500000,65.0
Kathmandu,4701.0,1,1,1.0,0,20.0,West,5800000,58.0
Kathmandu,2700.0,4,3,3.0,1,12.0,East,21500000,215.0
Kathmandu,1026.75,5,3,3.0,0,8.0,West,15900000,159.0
Kathmandu,1112.3125,1,1,2.5,0,15.0,East,23500000,235.0
Kathmandu,1369.0,1,1,2.5,0,20.0,North,42000000,420.0
Bhaktapur,1796.8125,1,1,2.5,0,13.0,West,14000000,140.0
Kathmandu,1000.0,1,1,2.5,0,20.0,North,6500000,65.0
Kathmandu,1000.0,1,1,2.5,0,15.0,West,2000000,20.0
Kathmandu,500.0,1,1,2.5,0,20.0,North,2000000,20.0
Lalitpur,3000.0,1,1,2.5,0,20.0,North,9000000,90.0
Kathmandu,1711.25,1,1,2.5,0,12.0,West,2000000,20.0
Kathmandu,1112.3125,2,1,1.0,0,10.0,West,8500000,85.0
Kathmandu,1112.3125,1,1,2.5,0,18.0,South,3500000,35.0
Bhaktapur,1176.484375,1,1,2.5,0,36.0,South,4100000,41.0
Chitwan,3422.5,3,3,3.0,3,19.68504,South,13500000,135.0
Lalitpur,5818.25,10,10,4.5,0,20.0,South,150000000,1500.0
Kathmandu,1112.3125,1,1,2.5,0,13.0,East,12500000,125.0
Kathmandu,1711.25,1,1,2.5,0,13.0,East,2700000,27.0
Kathmandu,2738.0,1,1,2.5,0,13.0,South West,46000000,460.0
Lalitpur,1796.8125,1,1,3.0,2,13.0,North,33000000,330.0
Lalitpur,7187.25,1,1,2.5,0,12.0,East,3200000,32.0
Kathmandu,1095.2,6,3,3.0,1,4.0,North East,19000000,190.0
Kathmandu,1711.25,4,4,3.0,2,15.0,North East,30500000,305.0
Other,3080.25,4,3,3.0,1,19.68504,South,15000000,150.0
Kathmandu,1026.75,6,3,2.0,2,14.0,North,21000000,210.0
Lalitpur,3764.75,1,1,2.5,0,26.0,East,6000000,60.0
Lalitpur,1197.875,6,3,3.0,1,12.0,East,22500000,225.0
Chitwan,3422.5,11,6,3.0,3,20.0,North,23000000,230.0
Bhaktapur,2053.5,1,1,2.5,0,13.0,West,3200000,32.0
Kathmandu,3080.25,1,1,2.5,0,15.0,East,2200000,22.0
Kathmandu,2738.0,10,5,2.5,5,15.0,South,55000000,550.0
Kathmandu,3764.75,1,1,2.5,0,13.0,West,2550000,25.5
Kathmandu,2053.5,5,4,2.5,0,15.0,South,40000000,400.0
Kathmandu,4791.5,1,1,2.5,0,13.0,North,2600000,26.0
Lalitpur,1026.75,1,1,1.0,0,13.0,South,2350000,23.5
Kathmandu,1026.75,2,1,1.0,1,10.0,South,10600000,106.0
Other,2053.5,1,1,2.5,0,19.68504,North,2000000,20.0
Lalitpur,1900.0,4,5,3.0,1,15.0,East,19000000,190.0
Kathmandu,8214.0,1,1,2.5,0,14.0,West,2200000,22.0
Kathmandu,4791.5,1,1,2.5,0,20.0,South,20000000,200.0
Kathmandu,6160.5,1,1,2.5,0,16.0,South,2250000,22.5
Lalitpur,1989.328125,1,1,2.5,0,13.0,South,2600000,26.0
Lalitpur,5818.25,1,1,5.0,0,20.0,South,150000000,1500.0
Kathmandu,1711.25,5,2,3.0,0,14.0,South,39000000,390.0
Kathmandu,3422.5,4,4,2.0,3,13.0,South,39000000,390.0
Kathmandu,3764.75,1,1,2.5,0,12.0,South,4700000,47.0
Kathmandu,1369.0,1,1,2.5,0,15.0,East,2800000,28.0
Kathmandu,2181.84375,1,1,2.5,0,16.0,North East,26000000,260.0
Kathmandu,2395.75,1,1,4.0,0,20.0,East,33000000,330.0
Kathmandu,1989.328125,1,1,2.5,0,4.0,East,2100000,21.0
Kathmandu,1369.0,1,1,2.5,0,14.0,South East,24500000,245.0
Kathmandu,6160.5,1,1,2.5,0,15.0,South,61500000,615.0
Kathmandu,3422.5,4,5,3.0,0,12.0,South,70000000,700.0
Lalitpur,5989.375,9,4,4.0,0,9.0,South West,70000000,700.0
Other,1026.75,7,3,3.0,0,24.0,East,9000000,90.0
Kathmandu,2845.0,5,4,3.0,5,12.0,East,35000000,350.0
Bhaktapur,1369.0,1,1,2.5,0,13.0,South West,2200000,22.0
Kathmandu,1026.75,1,1,1.0,0,10.0,East,2500000,25.0
Kathmandu,1369.0,6,1,2.5,1,16.0,North East,25000000,250.0
Lalitpur,1026.75,1,1,1.0,1,13.0,North,16000000,160.0
Kathmandu,1095.2,2,1,1.0,1,12.0,South West,10500000,105.0
Kathmandu,1026.75,3,3,3.0,0,10.0,North,12500000,125.0
Kathmandu,684.5,1,2,2.5,0,12.0,East,13500000,135.0
Kathmandu,7187.25,1,1,2.5,0,13.0,East,3000000,30.0
Kathmandu,2395.75,15,1,2.5,0,22.0,South,142500000,1425.0
Lalitpur,1369.0,6,5,3.0,0,14.0,South,19500000,195.0
Lalitpur,8214.0,3,1,2.0,0,20.0,East,97500000,975.0
Kathmandu,2087.725,7,4,3.0,0,14.0,East,38000000,380.0
Kathmandu,1369.0,1,1,2.5,0,26.24672,South East,4500000,45.0
Kathmandu,2395.75,4,3,3.0,0,20.0,South East,29500000,295.0
Lalitpur,1197.875,1,1,2.5,0,10.0,North,4500000,45.0
Kathmandu,1369.0,6,1,2.5,0,12.0,North,14000000,140.0
Kathmandu,1317.6625000000001,1,1,3.0,0,20.0,West,43500000,435.0
Lalitpur,2429.975,1,1,2.5,0,20.0,South,2800000,28.0
Kathmandu,1112.3125,10,3,3.0,0,20.0,South,22000000,220.0
Lalitpur,2053.5,3,2,3.0,1,18.0,West,29500000,295.0
Kathmandu,2395.75,5,5,2.5,3,12.0,South,45000000,450.0
Bhaktapur,1369.0,12,4,4.0,0,20.0,South East,22500000,225.0
Kathmandu,600.0,1,1,2.5,0,15.0,North,3000000,30.0
Lalitpur,2010.71875,1,1,2.5,0,12.0,South,2500000,25.0
Kathmandu,1197.875,3,4,3.0,0,13.0,South,18000000,180.0
Kathmandu,2156.1749999999997,9,4,4.0,0,12.0,East,34500000,345.0
Kathmandu,4791.5,7,6,2.5,0,20.0,South West,72500000,725.0
Kathmandu,1026.75,2,1,1.0,0,13.0,North,11500000,115.0
Kathmandu,1711.25,9,7,2.5,0,13.0,North,27500000,275.0
Kathmandu,1369.0,1,1,2.5,0,12.0,East,3500000,35.0
Kathmandu,1369.0,4,4,2.5,1,20.0,West,31500000,315.0
Kathmandu,6502.75,1,1,2.5,0,20.0,North,170000000,1700.0
Kathmandu,2139.0625,1,2,2.0,1,14.0,South,7700000,77.0
Kathmandu,3251.375,1,1,2.5,0,10.0,South West,2650000,26.5
Kathmandu,2395.75,1,1,2.5,0,20.0,North,6200000,62.0
Kathmandu,1711.25,2,3,3.0,0,14.0,North,37500000,375.0
Kathmandu,4107.0,1,1,2.5,0,15.0,South,3800000,38.0
Kathmandu,1540.125,4,3,3.0,1,26.0,South,32500000,325.0
Bhaktapur,2395.75,1,1,2.5,0,18.0,South,2400000,24.0
Kathmandu,1369.0,1,1,3.0,0,16.0,West,17500000,175.0
Kathmandu,2053.5,1,1,3.0,0,20.0,South,37500000,375.0
Other,5476.0,1,1,2.0,0,15.0,North,12500000,125.0
Other,5133.75,1,1,3.0,0,15.0,North,15000000,150.0
Bhaktapur,2395.75,2,1,1.0,1,13.0,East,25000000,250.0
Kathmandu,1026.75,1,1,3.0,0,13.0,South,18000000,180.0
Bhaktapur,1540.125,1,1,2.5,0,15.0,East,2000000,20.0
Kathmandu,3764.75,1,1,2.5,0,20.0,East,4200000,42.0
Other,817.0,11,2,3.0,2,10.0,South,15200000,152.0
Kathmandu,1625.6875,2,1,2.5,0,12.0,East,13800000,138.0
Kathmandu,2395.75,4,6,3.0,0,20.0,South,57500000,575.0
Kathmandu,1155.09375,8,4,3.0,1,20.0,West,29000000,290.0
Kathmandu,1112.3125,7,1,2.0,0,15.0,North,17800000,178.0
Kathmandu,1369.0,5,3,2.5,0,15.0,South West,29000000,290.0
Kathmandu,1475.953125,1,1,2.5,0,14.0,North,2400000,24.0
Kathmandu,15401.25,1,1,2.5,0,16.0,West,2100000,21.0
Kathmandu,4577.59375,7,5,3.0,3,15.0,North East,6750000,67.5
Lalitpur,1197.875,1,1,2.5,0,12.0,East,9000000,90.0
Kathmandu,1540.125,1,1,2.5,0,10.0,East,3500000,35.0
Kathmandu,1604.296875,1,1,4.0,0,29.52756,East,45000000,450.0
Kathmandu,420.0,1,1,2.5,0,15.0,North,2500000,25.0
Kathmandu,3422.5,1,1,2.5,0,15.0,West,4100000,41.0
Kathmandu,2738.0,1,1,3.0,0,15.0,South,51000000,510.0
Other,4107.0,1,1,2.5,0,33.0,East,6700000,67.0
Kathmandu,1775.421875,1,1,3.0,0,20.0,North East,29000000,290.0
Bhaktapur,2224.625,1,1,5.0,0,20.0,South,75000000,750.0
Kathmandu,1197.875,1,1,3.0,0,12.0,East,26500000,265.0
Pokhara,2224.625,1,1,3.0,0,20.0,East,36500000,365.0
Kathmandu,1369.0,1,1,3.0,0,12.0,East,41000000,410.0
Kathmandu,2053.5,1,1,3.0,0,12.0,East,30000000,300.0
Kathmandu,1112.3125,4,2,2.0,0,13.0,West,14200000,142.0
Kathmandu,2738.0,1,1,2.5,0,13.0,West,5500000,55.0
Lalitpur,700.0,1,1,2.5,0,15.0,North,3200000,32.0
Kathmandu,1197.875,1,1,3.0,0,13.0,North East,17500000,175.0
Kathmandu,1369.0,1,1,2.0,0,13.0,South,20000000,200.0
Kathmandu,3422.5,1,1,2.5,0,13.0,South East,2000000,20.0
Kathmandu,3080.25,1,1,2.5,0,9.0,South East,3000000,30.0
Kathmandu,1711.25,2,1,1.0,0,11.0,South,15000000,150.0
Kathmandu,1129.425,6,3,2.5,0,11.0,North,25000000,250.0
Kathmandu,4449.25,13,1,4.5,0,14.0,South East,70000000,700.0
Kathmandu,1060.9750000000001,6,3,3.0,0,10.0,South,16500000,165.0
Kathmandu,2566.875,6,4,3.0,3,15.0,West,53000000,530.0
Kathmandu,1882.375,1,1,2.5,0,13.0,North,3200000,32.0
Kathmandu,2395.75,1,1,2.5,0,20.0,North,5500000,55.0
Kathmandu,2395.75,1,1,2.5,0,15.0,South East,3200000,32.0
Kathmandu,5647.125,1,1,2.5,0,15.0,North,2550000,25.5
Kathmandu,752.95,1,1,2.5,0,19.68504,West,3200000,32.0
Kathmandu,2738.0,6,5,3.0,3,12.0,South East,43000000,430.0
Bhaktapur,2053.5,9,1,3.0,1,20.0,West,21500000,215.0
Kathmandu,1369.0,1,1,2.5,0,20.0,East,250000000,2500.0
Other,2053.5,3,1,1.0,0,15.0,North,6400000,64.0
Kathmandu,6845.0,1,1,2.5,0,14.0,South,4300000,43.0
Kathmandu,1197.875,4,3,2.0,2,13.12336,East,24500000,245.0
Kathmandu,2738.0,15,6,4.0,0,29.52756,East,80000000,800.0
Lalitpur,1369.0,1,1,2.5,0,12.0,South,3600000,36.0
Chitwan,6845.0,1,1,2.5,0,29.52756,West,3800000,38.0
Kathmandu,4449.25,1,1,2.5,0,10.0,North,3600000,36.0
Chitwan,342.25,1,1,2.5,0,20.0,East,9000000,90.0
Chitwan,3422.5,15,6,3.0,8,20.0,North,23000000,230.0
Kathmandu,1711.25,1,1,3.0,1,20.0,East,33500000,335.0
Kathmandu,1711.25,9,4,2.5,0,10.0,East,32000000,320.0
Kathmandu,855.625,1,1,3.0,1,10.0,East,14000000,140.0
Kathmandu,1369.0,10,3,3.0,0,16.0,North,35000000,350.0
Lalitpur,1437.45,4,4,2.5,0,14.0,North West,25500000,255.0
Lalitpur,1369.0,12,4,3.0,4,4.0,South East,24000000,240.0
Kathmandu,1796.8125,1,1,3.0,1,7.0,East,18700000,187.0
Lalitpur,1197.875,5,3,3.0,0,13.0,South,16500000,165.0
Kathmandu,1026.75,1,1,4.0,0,13.0,West,25000000,250.0
Kathmandu,1745.475,10,1,3.0,0,14.0,East,31800000,318.0
Kathmandu,3080.25,1,1,2.5,0,15.0,South,2500000,25.0
Kathmandu,1369.0,1,1,2.5,0,13.0,North,27500000,275.0
Kathmandu,1403.225,1,1,3.0,0,15.0,West,26000000,260.0
Kathmandu,1369.0,4,1,2.5,0,15.0,South,9500000,95.0
Kathmandu,1026.75,1,1,2.5,0,13.0,West,15000000,150.0
Kathmandu,2224.625,1,1,3.5,0,20.0,North,150000000,1500.0
Kathmandu,1882.375,5,4,2.5,0,20.0,South West,42500000,425.0
Kathmandu,700.0,1,1,2.5,0,15.0,West,6000000,60.0
Kathmandu,3080.25,1,1,3.0,3,13.0,East,60000000,600.0
Kathmandu,2087.725,1,1,2.5,0,20.0,West,40000000,400.0
Kathmandu,1283.4375,1,1,2.5,0,4.0,East,29500000,295.0
Kathmandu,1060.9750000000001,3,2,2.0,0,24.0,South West,19000000,190.0
Kathmandu,4278.125,1,1,2.5,0,18.0,East,7500000,75.0
Kathmandu,1882.375,4,3,2.5,0,16.0,North West,32500000,325.0
Lalitpur,2224.625,5,5,3.0,0,16.0,North,44500000,445.0
Kathmandu,1711.25,5,4,3.0,0,15.0,South,32000000,320.0
Kathmandu,1403.225,5,1,3.0,0,12.0,North East,28500000,285.0
Kathmandu,1471.675,5,3,3.0,0,12.0,East,26000000,260.0
Kathmandu,6160.5,1,1,2.5,0,15.0,West,2800000,28.0
Kathmandu,1095.2,4,2,2.0,0,15.0,West,9500000,95.0
Kathmandu,1711.25,6,4,3.0,0,13.0,North,25000000,250.0
Kathmandu,1369.0,5,2,3.0,0,16.0,South,17500000,175.0
Lalitpur,1000.0,1,1,4.0,8,14.0,East,2200000,22.0
Kathmandu,6845.0,1,1,2.5,0,16.0,South,40000000,400.0
Kathmandu,855.625,3,1,1.0,0,10.0,West,6500000,65.0
Kathmandu,1026.75,3,1,1.0,1,13.0,North East,12500000,125.0
Kathmandu,1540.125,1,1,2.5,0,13.0,East,6000000,60.0
Kathmandu,5133.75,7,5,3.0,8,12.0,East,70000000,700.0
Chitwan,342.25,1,1,2.5,0,29.52756,West,3800000,38.0
Lalitpur,1197.875,2,1,1.0,4,20.0,East,14200000,142.0
Kathmandu,1540.125,1,1,2.5,0,20.0,East,2500000,25.0
Kathmandu,1668.46875,1,1,2.5,0,13.0,North East,2800000,28.0
Lalitpur,1600.0,1,1,2.0,0,60.0,South,2500000,25.0
Kathmandu,2053.5,1,1,3.0,0,10.0,South East,30000000,300.0
Kathmandu,1095.2,2,1,1.0,2,12.0,West,12800000,128.0
Kathmandu,1882.375,1,1,3.0,0,13.0,West,25000000,250.0
Kathmandu,1112.3125,1,1,1.0,1,10.0,East,12500000,125.0
Kathmandu,1711.25,1,1,2.5,0,15.0,North West,4500000,45.0
Kathmandu,1369.0,1,1,3.0,0,12.0,South,23000000,230.0
Kathmandu,684.5,1,1,2.5,0,20.0,South East,15000000,150.0
Kathmandu,1369.0,1,1,2.5,1,13.0,South East,25000000,250.0
Pokhara,1711.25,1,1,2.5,0,15.0,South,2300000,23.0
Kathmandu,3272.765625,1,1,2.5,0,16.0,West,4500000,45.0
Kathmandu,1026.75,9,4,5.0,0,36.08924,East,39000000,390.0
Lalitpur,1369.0,1,1,3.0,0,10.0,South,20500000,205.0
Kathmandu,1437.45,1,1,2.5,0,13.0,North,2100000,21.0
Kathmandu,1369.0,1,1,2.5,0,13.0,South,2100000,21.0
Kathmandu,1454.5625,10,3,3.0,2,13.0,South,27500000,275.0
Kathmandu,1155.09375,4,3,2.5,0,20.0,West,22835000,228.35
Kathmandu,1026.75,9,3,3.0,0,10.0,South West,16500000,165.0
Kathmandu,1369.0,1,1,2.5,0,13.0,North,2100000,21.0
Kathmandu,1796.8125,5,4,3.0,2,13.0,South East,32000000,320.0
Pokhara,6845.0,1,1,2.5,0,20.0,North East,12000000,120.0
Lalitpur,3764.75,6,5,4.0,5,4.0,South West,42000000,420.0
Kathmandu,2840.675,1,1,3.0,0,40.0,East,66000000,660.0
Kathmandu,1060.9750000000001,4,3,3.0,0,13.0,East,17000000,170.0
Kathmandu,5989.375,1,1,2.5,0,20.0,South East,3500000,35.0
Kathmandu,1095.2,3,3,2.0,0,13.0,South,13000000,130.0
Bhaktapur,1197.875,10,1,4.0,0,20.0,East,19500000,195.0
Kathmandu,1197.875,1,1,2.5,0,10.0,South,2900000,29.0
Kathmandu,3272.765625,1,1,2.5,0,16.0,West,4500000,45.0
Kathmandu,3400.0,2,3,2.5,0,4.0,North East,55000000,550.0
Lalitpur,1369.0,1,1,2.5,0,13.0,South,2250000,22.5
Kathmandu,1780.0,3,4,2.5,0,20.0,North East,22500000,225.0
Kathmandu,1380.0,3,3,2.5,0,36.08924,South East,30000000,300.0
Kathmandu,1500.0,3,3,2.5,0,4.0,East,20000000,200.0
Kathmandu,1711.25,1,1,2.5,0,20.0,North,6500000,65.0
Kathmandu,4107.0,1,1,2.5,0,12.0,South West,6700000,67.0
Kathmandu,4107.0,1,1,2.5,0,13.0,South West,2500000,25.0
Lalitpur,4107.0,1,1,2.5,0,26.0,South,2600000,26.0
Lalitpur,1711.25,1,1,2.5,0,13.0,North,2600000,26.0
Kathmandu,4107.0,5,6,2.5,0,13.0,North West,65000000,650.0
Kathmandu,2224.625,6,4,2.5,0,13.0,South,28000000,280.0
Kathmandu,1925.15625,4,3,3.0,0,20.0,South,23000000,230.0
Lalitpur,1026.75,5,4,3.0,0,20.0,South,35000000,350.0
Lalitpur,3422.5,5,5,3.0,4,13.0,South West,70000000,700.0
Kathmandu,1369.0,3,3,2.0,0,20.0,East,23500000,235.0
Kathmandu,5048.1875,6,7,2.5,4,13.0,South East,80000000,800.0
Lalitpur,1129.425,7,4,3.0,0,13.0,South West,22500000,225.0
Lalitpur,3422.5,5,5,3.0,0,20.0,South,60000000,600.0
Pokhara,10952.0,5,8,2.5,0,26.24672,East,170000000,1700.0
Kathmandu,1197.875,5,2,3.0,0,12.0,West,22700000,227.0
Kathmandu,1197.875,9,1,3.0,0,12.0,South East,19800000,198.0
Kathmandu,2053.5,7,3,3.0,0,14.0,East,33500000,335.0
Kathmandu,300.0,1,1,2.5,0,4.0,North,2500000,25.0
Kathmandu,1711.25,1,1,3.0,0,4.0,West,52500000,525.0
Lalitpur,1095.2,1,1,2.0,0,4.0,North,15100000,151.0
Kathmandu,1540.125,6,4,3.0,3,13.0,West,25000000,250.0
Kathmandu,1060.9750000000001,4,4,3.0,0,4.0,North,17000000,170.0
Kathmandu,1000.0,1,1,2.5,0,4.0,South,3500000,35.0
Kathmandu,1133.703125,5,2,3.0,2,4.0,North,25500000,255.0
Kathmandu,1197.875,1,1,3.0,0,4.0,North,22500000,225.0
Kathmandu,1437.45,10,1,3.0,0,19.68504,South,34500000,345.0
Kathmandu,8042.875,1,1,2.5,0,12.0,North,4500000,45.0
Kathmandu,2053.5,1,1,2.5,0,22.0,North West,2100000,21.0
Bhaktapur,3721.96875,1,1,2.5,0,20.0,North,2500000,25.0
Kathmandu,1711.25,1,1,2.5,0,20.0,South,4000000,40.0
Kathmandu,500.0,1,1,2.5,0,4.0,North,3500000,35.0
Kathmandu,5133.75,5,4,3.0,4,13.0,South,52500000,525.0
Kathmandu,1026.75,1,1,2.5,0,20.0,South East,2100000,21.0
Kathmandu,1500.0,1,1,2.5,0,4.0,South,6000000,60.0
Lalitpur,1433.171875,1,1,2.5,0,26.24672,South West,5860000,58.6
Kathmandu,2395.75,1,1,2.5,0,20.0,North,3400000,34.0
Kathmandu,1711.25,7,5,2.5,0,14.0,South East,20500000,205.0
Kathmandu,1882.375,1,1,2.5,0,24.0,East,5700000,57.0
Lalitpur,2909.125,4,4,3.0,1,16.0,South,39077000,390.77
Lalitpur,2139.0625,6,5,4.0,0,13.0,South West,37500000,375.0
Kathmandu,1369.0,8,3,4.0,1,14.0,South West,31000000,310.0
Lalitpur,1155.09375,5,3,3.0,0,22.0,West,27000000,270.0
Lalitpur,1540.125,1,1,3.0,0,10.0,South West,21500000,215.0
Bhaktapur,1711.25,1,1,4.0,0,10.0,South West,25500000,255.0
Kathmandu,2053.5,1,1,2.5,0,20.0,East,2400000,24.0
Lalitpur,2738.0,4,2,3.0,2,20.0,East,40000000,400.0
Kathmandu,3422.5,1,1,2.5,0,10.0,South West,3300000,33.0
Kathmandu,1437.45,1,1,3.0,0,12.0,East,20000000,200.0
Kathmandu,2352.96875,1,1,3.0,0,13.0,East,32500000,325.0
Kathmandu,2738.0,1,1,3.0,0,20.0,East,45000000,450.0
Kathmandu,1369.0,4,3,3.0,0,13.12336,West,21500000,215.0
Other,5818.25,1,1,2.5,0,20.0,North,2200000,22.0
Kathmandu,1369.0,1,1,2.5,0,20.0,South,3300000,33.0
Kathmandu,5476.0,1,1,3.0,5,20.0,South,70000000,700.0
Kathmandu,2738.0,1,1,2.5,4,16.0,West,47500000,475.0
Lalitpur,6845.0,1,1,2.5,0,13.0,North,3500000,35.0
Kathmandu,1800.0,3,3,2.5,0,4.0,South East,25000000,250.0
Kathmandu,3700.0,4,4,2.5,0,4.0,North East,45000000,450.0
Kathmandu,3700.0,4,4,2.5,0,4.0,North East,45000000,450.0
Kathmandu,2450.0,3,3,2.5,0,4.0,South East,35000000,350.0
Kathmandu,7187.25,1,1,2.5,0,18.0,South,3700000,37.0
Kathmandu,1026.75,1,1,1.0,0,13.0,South,11400000,114.0
Kathmandu,877.015625,1,1,3.0,0,10.0,South,11400000,114.0
Kathmandu,6845.0,1,1,2.5,0,13.0,South East,4000000,40.0
Kathmandu,2738.0,1,1,2.5,0,15.0,East,4800000,48.0
Kathmandu,1095.2,4,1,1.0,0,12.0,East,12000000,120.0
Kathmandu,19166.0,1,1,3.0,0,13.0,South East,180000000,1800.0
Kathmandu,1437.45,1,1,2.5,0,12.0,South,2700000,27.0
Lalitpur,1060.9750000000001,10,1,3.0,4,10.0,East,14500000,145.0
Kathmandu,1369.0,3,4,2.5,0,13.0,North East,36500000,365.0
Kathmandu,3080.25,1,1,2.5,0,16.0,South East,2000000,20.0
Kathmandu,1369.0,7,1,3.0,4,16.0,South,24000000,240.0
Pokhara,8556.25,1,1,2.5,0,20.0,North,15000000,150.0
Kathmandu,1369.0,11,1,3.0,4,20.0,South,20400000,204.0
Pokhara,1540.125,1,1,2.0,0,20.0,South East,27000000,270.0
Pokhara,1369.0,1,1,3.0,0,20.0,North East,30000000,300.0
Pokhara,7529.5,1,1,2.5,0,20.0,South East,18000000,180.0
Pokhara,2395.75,1,1,4.0,0,15.0,North West,35000000,350.0
Kathmandu,1060.9750000000001,7,6,5.0,4,14.0,South East,16000000,160.0
Kathmandu,1369.0,1,1,2.5,0,20.0,South,2700000,27.0
Lalitpur,1095.2,4,1,1.0,0,10.0,West,9000000,90.0
Kathmandu,1369.0,2,1,2.5,0,15.0,West,13000000,130.0
Pokhara,1711.25,1,1,2.5,0,20.0,South East,25000000,250.0
Kathmandu,941.1875,3,3,3.0,1,12.0,South East,19500000,195.0
Kathmandu,1095.2,4,3,3.0,4,13.0,East,17000000,170.0
Kathmandu,2395.75,10,1,2.5,3,10.0,South,38000000,380.0
Kathmandu,1197.875,1,1,3.0,1,13.0,West,20000000,200.0
Lalitpur,1882.375,3,3,2.0,1,4.0,South West,25000000,250.0
Other,2395.75,10,4,3.0,0,20.0,East,25000000,250.0
Other,684.5,1,1,2.5,0,20.0,West,2200000,22.0
Kathmandu,1197.875,6,2,3.0,1,12.0,North,17500000,175.0
Kathmandu,1155.09375,1,1,2.5,0,12.0,South,4400000,44.0
Kathmandu,1369.0,4,3,3.0,0,13.0,East,25000000,250.0
Kathmandu,5476.0,5,1,3.0,4,26.0,North,59900000,599.0
Kathmandu,1403.225,10,1,3.0,3,4.0,East,29900000,299.0
Kathmandu,2738.0,1,1,2.5,0,13.0,South East,4200000,42.0
Kathmandu,2806.45,1,1,2.0,0,24.0,East,55000000,550.0
Kathmandu,1540.125,4,1,3.0,0,13.0,West,26500000,265.0
Kathmandu,1497.34375,8,6,3.0,4,13.0,South,32500000,325.0
Kathmandu,2053.5,1,1,2.5,0,10.0,West,6000000,60.0
Kathmandu,3764.75,1,1,2.5,0,26.0,South,4500000,45.0
Kathmandu,1176.484375,7,4,4.0,1,14.0,South West,21500000,215.0
Kathmandu,2053.5,1,1,2.5,0,12.0,North,5000000,50.0
Kathmandu,2738.0,1,1,2.5,0,12.0,North,5000000,50.0
Kathmandu,1540.125,1,1,2.5,0,13.0,North,2800000,28.0
Kathmandu,2395.75,8,4,4.0,1,15.0,North West,38000000,380.0
Kathmandu,4107.0,1,1,2.5,0,12.0,West,2500000,25.0
Kathmandu,1625.6875,7,3,4.0,1,12.0,North,25000000,250.0
Kathmandu,2053.5,1,1,2.5,0,10.0,North,3200000,32.0
Kathmandu,5133.75,1,1,2.5,0,11.0,West,2400000,24.0
Kathmandu,1026.75,15,5,4.0,0,20.0,North,24000000,240.0
Kathmandu,2053.5,1,1,2.5,0,14.0,West,3200000,32.0
Kathmandu,2395.75,1,1,2.5,0,13.0,North,4200000,42.0
Kathmandu,1197.875,8,4,4.0,0,20.0,West,17000000,170.0
Kathmandu,1779.7,1,1,2.5,0,15.0,East,3000000,30.0
Kathmandu,1369.0,1,1,2.5,0,12.0,West,3250000,32.5
Kathmandu,3422.5,1,1,2.5,0,10.0,South East,3700000,37.0
Kathmandu,1471.675,5,3,3.0,2,16.0,North,26000000,260.0
Kathmandu,1369.0,6,3,2.5,0,14.0,South,29000000,290.0
Kathmandu,1133.703125,3,2,3.0,1,12.0,South West,13500000,135.0
Kathmandu,1369.0,6,2,3.0,0,20.0,East,22800000,228.0
Kathmandu,2224.625,1,1,2.5,0,15.0,South,6000000,60.0
Kathmandu,1369.0,6,4,4.0,0,12.0,South,27500000,275.0
Kathmandu,1071.2425,4,3,3.0,0,12.0,East,22500000,225.0
Kathmandu,1197.875,7,2,2.5,0,13.0,West,15500000,155.0
Kathmandu,2224.625,5,1,3.0,0,15.0,West,30000000,300.0
Kathmandu,2053.5,6,3,3.0,0,12.0,North East,51500000,515.0
Kathmandu,1711.25,11,1,3.0,0,15.0,East,33000000,330.0
Kathmandu,2395.75,12,1,4.0,4,13.0,East,40000000,400.0
Kathmandu,1060.9750000000001,9,1,3.0,3,13.0,South,18200000,182.0
Kathmandu,1197.875,12,1,4.0,0,13.0,East,17700000,177.0
Kathmandu,1026.75,7,1,2.5,0,13.0,East,17000000,170.0
Kathmandu,2053.5,10,1,3.0,3,13.0,West,29800000,298.0
Kathmandu,1197.875,9,1,3.0,0,13.0,North West,21000000,210.0
Kathmandu,2053.5,6,3,3.0,4,13.0,South East,34000000,340.0
Kathmandu,1369.0,1,1,2.5,0,12.0,West,2150000,21.5
Kathmandu,1026.75,3,3,2.5,0,12.0,South West,19900000,199.0
Kathmandu,1026.75,10,1,3.0,0,13.0,South West,16800000,168.0
Kathmandu,4406.46875,9,4,4.0,4,13.0,South,63000000,630.0
Lalitpur,1026.75,3,2,3.0,3,10.0,South,12500000,125.0
Kathmandu,1240.65625,5,2,2.0,3,13.0,North West,14200000,142.0
Lalitpur,1048.140625,5,4,3.0,3,16.0,North,20000000,200.0
Kathmandu,1095.2,5,3,3.0,2,13.0,East,19500000,195.0
Kathmandu,1060.9750000000001,4,2,2.0,2,18.0,South,21000000,210.0
Kathmandu,3456.725,5,2,3.0,4,20.0,West,100000000,1000.0
Kathmandu,1048.140625,6,4,4.0,3,10.0,North,22500000,225.0
Kathmandu,1369.0,5,4,3.0,4,12.0,South West,37000000,370.0
Kathmandu,1326.21875,4,3,3.0,4,20.0,East,19000000,190.0
Kathmandu,3080.25,5,5,3.0,4,12.0,East,45000000,450.0
Kathmandu,1369.0,6,3,3.0,3,12.0,South,16500000,165.0
Kathmandu,5347.65625,1,1,3.0,0,20.0,West,88000000,880.0
Kathmandu,1437.45,10,6,5.0,4,10.0,West,29000000,290.0
Kathmandu,7666.4,1,1,2.5,0,20.0,East,7500000,75.0
Kathmandu,2395.75,1,1,4.0,0,20.0,North,55000000,550.0
Kathmandu,1095.2,6,4,3.5,3,13.0,South East,36000000,360.0
Kathmandu,1095.2,10,6,3.0,4,13.0,East,24000000,240.0
Kathmandu,1026.75,4,1,1.0,2,13.0,East,12000000,120.0
Kathmandu,2374.359375,1,1,2.5,0,20.0,West,8500000,85.0
Kathmandu,1411.78125,12,4,4.0,5,4.0,North,45000000,450.0
Kathmandu,1095.2,3,3,3.0,2,10.0,South,15000000,150.0
Kathmandu,1711.25,4,2,3.0,0,13.0,East,20000000,200.0
Lalitpur,1026.75,4,4,3.0,2,13.0,South East,16000000,160.0
Kathmandu,983.96875,4,4,6.0,4,12.0,East,37500000,375.0
Kathmandu,6078.360000000001,1,1,2.5,0,26.0,East,20000000,200.0
Kathmandu,752.95,9,9,4.0,3,9.0,North,31000000,310.0
Kathmandu,752.95,5,4,3.0,3,16.0,South,20500000,205.0
Kathmandu,1411.78125,4,5,3.0,3,12.0,East,26000000,260.0
Lalitpur,800.0,2,2,1.0,2,24.0,West,7500000,75.0
Kathmandu,1582.0,3,3,3.0,2,20.0,South,17500000,175.0
Kathmandu,2566.875,1,1,2.5,0,19.68504,South,5500000,55.0
Lalitpur,1625.6875,4,3,3.0,1,13.0,South,25000000,250.0
Kathmandu,1796.8125,3,3,2.0,1,18.0,South West,28500000,285.0
Kathmandu,400.0,1,1,2.5,0,35.0,South,3000000,30.0
Lalitpur,2053.5,1,1,2.5,0,16.0,South East,2400000,24.0
Kathmandu,1711.25,1,1,2.5,0,16.0,East,3500000,35.0
Lalitpur,1775.421875,4,3,2.0,1,13.0,South East,14500000,145.0
Kathmandu,1775.421875,6,4,3.0,1,13.0,South East,27500000,275.0
Kathmandu,1369.0,1,1,2.5,0,13.0,East,2600000,26.0
Kathmandu,3400.0,2,3,2.5,0,20.0,North East,55000000,550.0
Lalitpur,1350.0,3,2,7.0,0,20.0,East,16500000,165.0
Kathmandu,6759.4375,1,3,5.0,0,32.0,West,30000000,300.0
Kathmandu,4107.0,5,6,3.0,0,13.0,North West,65000000,650.0
Kathmandu,11294.25,10,10,2.5,0,16.0,East,235000000,2350.0
Kathmandu,4449.25,1,1,2.5,0,20.0,South East,4500000,45.0
Kathmandu,1048.140625,10,6,2.5,0,36.08924,East,47500000,475.0
Kathmandu,1540.125,10,4,3.0,0,20.0,West,35000000,350.0
Lalitpur,1818.203125,1,1,2.5,0,14.0,West,2000000,20.0
Kathmandu,1347.609375,1,1,2.5,0,14.0,South,2500000,25.0
Kathmandu,1283.4375,5,3,3.0,0,20.0,North,20000000,200.0
Kathmandu,3000.0,3,4,4.0,0,13.0,South East,25000000,250.0
Kathmandu,3080.25,7,7,3.0,0,10.0,South,49500000,495.0
Kathmandu,2053.5,4,4,2.0,0,20.0,South East,18000000,180.0
Kathmandu,3251.375,1,1,2.5,0,20.0,South,6000000,60.0
Lalitpur,2738.0,1,1,2.5,0,13.0,North,2650000,26.5
Kathmandu,1219.265625,6,1,3.0,0,20.0,West,43500000,435.0
Bhaktapur,2429.975,14,4,3.0,0,14.0,East,35000000,350.0
Kathmandu,4107.0,1,1,3.0,0,13.0,East,60000000,600.0
Kathmandu,7529.5,1,1,2.5,0,20.0,West,4200000,42.0
Kathmandu,1642.8,4,2,2.5,0,16.0,South,13000000,130.0
Kathmandu,2498.4249999999997,1,1,2.5,0,13.0,North East,2700000,27.0
Kathmandu,2053.5,1,1,2.5,0,22.0,North East,2100000,21.0
Kathmandu,2087.725,7,4,3.0,4,14.0,East,38000000,380.0
Kathmandu,1112.3125,1,1,2.5,0,16.0,North East,3700000,37.0
Lalitpur,2429.975,1,1,2.5,0,20.0,South,2800000,28.0
Kathmandu,4192.5625,3,4,2.0,4,20.0,North West,70000000,700.0
Kathmandu,2823.5625,8,7,3.0,0,14.0,East,41500000,415.0
Bhaktapur,1369.0,12,4,2.5,0,20.0,South,22500000,225.0
Kathmandu,2395.75,1,1,2.5,0,20.0,South East,5500000,55.0
Kathmandu,1689.859375,5,2,2.0,0,14.0,East,40100000,401.0
Kathmandu,1454.5625,15,10,7.0,4,12.0,West,65000000,650.0
Kathmandu,4192.5625,1,1,2.5,0,17.0,North,13000000,130.0
Kathmandu,6074.9375,1,1,2.5,0,20.0,North East,13500000,135.0
Kathmandu,2053.5,1,1,2.5,0,12.0,North East,2500000,25.0
Kathmandu,1026.75,5,3,3.0,1,10.0,North,16500000,165.0
Kathmandu,20535.0,1,1,2.5,0,12.0,South,2700000,27.0
Kathmandu,4192.5625,1,1,2.5,0,12.0,South East,4800000,48.0
Lalitpur,2053.5,1,1,2.5,0,15.0,East,6800000,68.0
Kathmandu,1796.8125,1,1,2.0,0,20.0,West,55000000,550.0
Kathmandu,1369.0,1,1,2.5,0,12.0,South East,6000000,60.0
Kathmandu,5476.0,1,1,2.5,0,15.0,East,2100000,21.0
Kathmandu,1369.0,1,1,2.5,0,20.0,North East,2600000,26.0
Kathmandu,10952.0,1,1,2.5,0,4.0,South East,3200000,32.0
Kathmandu,1711.25,1,1,2.5,0,12.0,South East,2500000,25.0
Kathmandu,2139.0625,4,3,3.0,0,15.0,West,26000000,260.0
Kathmandu,1197.875,1,1,2.5,0,13.0,East,5100000,51.0
Lalitpur,2429.975,8,7,3.5,2,10.0,East,33000000,330.0
Kathmandu,2566.875,4,4,2.0,2,13.0,East,55000000,550.0
Pokhara,2900.0,1,1,2.5,0,20.0,South East,3500000,35.0
Kathmandu,3764.75,1,1,2.5,0,13.0,East,5500000,55.0
Kathmandu,2395.75,1,1,2.5,0,13.0,South,4500000,45.0
Other,22930.75,1,1,2.5,0,25.0,South,62000000,620.0
Kathmandu,7529.5,1,1,2.5,0,19.68504,West,240000000,2400.0
Other,3508.0625,1,1,2.5,0,25.0,East,10000000,100.0
Kathmandu,3764.75,1,10,5.0,8,23.0,South East,110000000,1100.0
Kathmandu,3080.25,1,1,2.5,0,36.08924,East,15000000,150.0
Lalitpur,2738.0,1,1,2.5,0,24.0,South,2800000,28.0
Kathmandu,18481.5,1,1,2.5,0,32.0,North,5800000,58.0
Lalitpur,683.0,2,1,1.0,1,20.0,East,12500000,125.0
Kathmandu,1582.90625,1,1,2.5,0,10.0,West,2000000,20.0
Kathmandu,2395.75,1,1,2.5,0,18.0,South,2200000,22.0
Kathmandu,1540.125,1,1,2.5,0,19.68504,North,4500000,45.0
Kathmandu,5920.925,4,6,2.5,5,20.0,South East,110000000,1100.0
Kathmandu,5133.75,5,4,3.0,4,13.0,West,62500000,625.0
Kathmandu,4449.25,1,1,2.5,0,18.0,North West,5200000,52.0
Bhaktapur,2566.875,6,3,3.0,2,18.0,North East,35000000,350.0
Kathmandu,4021.4375,4,5,3.0,4,18.0,South,36500000,365.0
Kathmandu,1711.25,5,5,2.5,2,15.0,North East,26000000,260.0
Kathmandu,1197.875,4,1,2.5,1,15.0,South,11000000,110.0
Kathmandu,1369.0,8,2,2.5,1,15.0,East,19000000,190.0
Kathmandu,1711.25,5,5,2.5,2,15.0,North,25000000,250.0
Kathmandu,1711.25,12,4,2.5,2,15.0,South East,20000000,200.0
Kathmandu,1369.0,1,1,2.5,0,4.0,East,15000000,150.0
Kathmandu,1711.25,7,5,2.5,2,12.0,North,29000000,290.0
Kathmandu,1625.6875,1,1,2.5,0,13.0,South West,2200000,22.0
Lalitpur,1711.25,1,1,2.5,0,13.0,South,3500000,35.0
Kathmandu,2823.5625,1,1,2.5,0,16.0,East,6000000,60.0
Lalitpur,1454.5625,3,2,2.5,1,15.0,South,29000000,290.0
Lalitpur,1711.25,1,1,2.5,0,13.0,South East,3800000,38.0
Lalitpur,1711.25,1,1,2.5,0,4.0,East,5500000,55.0
Lalitpur,2053.5,1,1,2.5,0,4.0,East,5500000,55.0
Lalitpur,1369.0,1,1,2.5,0,4.0,West,5500000,55.0
Lalitpur,2738.0,1,1,2.5,0,20.0,West,5500000,55.0
Lalitpur,1860.984375,6,3,2.5,2,10.0,North,25000000,250.0
Lalitpur,4107.0,6,4,2.5,3,10.0,East,40000000,400.0
Kathmandu,2224.625,1,1,2.5,0,20.0,North,4500000,45.0
Pokhara,1710.0,1,1,2.5,0,20.0,East,17000000,170.0
Pokhara,2053.5,5,4,2.5,3,18.0,East,30000000,300.0
Pokhara,4107.0,5,6,2.5,3,4.0,East,80000000,800.0
Pokhara,4791.5,1,1,2.5,0,14.0,East,25000000,250.0
Kathmandu,1197.875,4,2,2.5,2,13.0,South,18000000,180.0
Lalitpur,1925.15625,7,3,2.5,2,16.0,North East,23000000,230.0
Kathmandu,3764.75,1,1,2.5,0,20.0,East,35000000,350.0
Kathmandu,2395.75,11,6,2.5,2,20.0,East,35000000,350.0
Kathmandu,1369.0,6,4,2.5,0,30.0,East,45000000,450.0
Kathmandu,2395.75,4,3,2.5,2,20.0,West,29500000,295.0
Lalitpur,1540.125,10,5,2.5,2,16.0,North East,21000000,210.0
Lalitpur,1540.125,12,5,2.5,1,13.0,North,28000000,280.0
Kathmandu,2395.75,1,1,2.5,0,30.0,West,170000000,1700.0
Kathmandu,11294.25,1,1,2.5,0,20.0,North,3600000,36.0
Kathmandu,1133.703125,1,1,2.5,0,12.0,East,11700000,117.0
Kathmandu,2053.5,1,1,2.5,0,20.0,East,4000000,40.0
Kathmandu,1582.90625,1,1,2.5,0,20.0,South West,4000000,40.0
Kathmandu,1336.0,3,2,6.0,1,20.0,North West,11000000,110.0
Kathmandu,1582.90625,1,1,2.5,0,26.24672,North,2500000,25.0
Kathmandu,1026.75,1,1,5.0,0,25.0,East,32500000,325.0
Lalitpur,12321.0,5,4,4.0,7,20.0,East,140000000,1400.0
Kathmandu,10952.0,4,5,3.0,7,20.0,South West,105000000,1050.0
Other,18139.25,5,2,2.0,7,12.0,South,59000000,590.0
Lalitpur,10267.5,4,3,3.0,5,30.0,North,6500000,65.0
Kathmandu,855.625,4,2,2.0,1,13.0,North East,12000000,120.0
Kathmandu,2738.0,5,3,2.0,1,12.0,East,27000000,270.0
Kathmandu,4449.25,5,2,3.0,5,12.0,East,72500000,725.0
